case_id,row_index,true_target,predicted_class,predicted_probability,base_value,transformed_feature,original_feature,display_feature,display_value,shap_value,absolute_shap_value,direction
XAI_001,288644,0,1,0.8713340163230896,0.008677801117300987,numeric__AMT_INCOME_TOTAL,AMT_INCOME_TOTAL,Annual income,67500.0,0.053343236446380615,0.053343236446380615,increases model risk output
XAI_001,288644,0,1,0.8713340163230896,0.008677801117300987,numeric__AMT_CREDIT,AMT_CREDIT,Requested credit amount,528687.0,0.09368205070495605,0.09368205070495605,increases model risk output
XAI_001,288644,0,1,0.8713340163230896,0.008677801117300987,numeric__AMT_ANNUITY,AMT_ANNUITY,Annuity amount,25843.5,0.053824204951524734,0.053824204951524734,increases model risk output
XAI_001,288644,0,1,0.8713340163230896,0.008677801117300987,numeric__AMT_GOODS_PRICE,AMT_GOODS_PRICE,Goods price,436500.0,0.27369025349617004,0.27369025349617004,increases model risk output
XAI_001,288644,0,1,0.8713340163230896,0.008677801117300987,numeric__CNT_FAM_MEMBERS,CNT_FAM_MEMBERS,Family members,6.0,0.3056110739707947,0.3056110739707947,increases model risk output
XAI_001,288644,0,1,0.8713340163230896,0.008677801117300987,numeric__AMT_REQ_CREDIT_BUREAU_MON,AMT_REQ_CREDIT_BUREAU_MON,Credit enquiries in previous month,0.0,0.013238056562840939,0.013238056562840939,increases model risk output
XAI_001,288644,0,1,0.8713340163230896,0.008677801117300987,numeric__AMT_REQ_CREDIT_BUREAU_QRT,AMT_REQ_CREDIT_BUREAU_QRT,Credit enquiries in previous quarter,0.0,0.02157684974372387,0.02157684974372387,increases model risk output
XAI_001,288644,0,1,0.8713340163230896,0.008677801117300987,numeric__AMT_REQ_CREDIT_BUREAU_YEAR,AMT_REQ_CREDIT_BUREAU_YEAR,Credit enquiries in previous year,0.0,-0.0788099393248558,0.0788099393248558,decreases model risk output
XAI_001,288644,0,1,0.8713340163230896,0.008677801117300987,numeric__EMPLOYMENT_YEARS,EMPLOYMENT_YEARS,Employment duration,1.4647501711156743,0.348210871219635,0.348210871219635,increases model risk output
XAI_001,288644,0,1,0.8713340163230896,0.008677801117300987,numeric__CREDIT_INCOME_RATIO,CREDIT_INCOME_RATIO,Credit-to-income ratio,7.8324,0.06217903271317482,0.06217903271317482,increases model risk output
XAI_001,288644,0,1,0.8713340163230896,0.008677801117300987,numeric__ANNUITY_INCOME_RATIO,ANNUITY_INCOME_RATIO,Annuity-to-income ratio,0.3828666666666667,0.08744119852781296,0.08744119852781296,increases model risk output
XAI_001,288644,0,1,0.8713340163230896,0.008677801117300987,numeric__CREDIT_ANNUITY_RATIO,CREDIT_ANNUITY_RATIO,Credit-to-annuity ratio,20.457252307156537,0.4987246096134186,0.4987246096134186,increases model risk output
XAI_001,288644,0,1,0.8713340163230896,0.008677801117300987,categorical__NAME_CONTRACT_TYPE_Cash loans,NAME_CONTRACT_TYPE,Contract type: Cash loans,Cash loans,0.04875675588846207,0.04875675588846207,increases model risk output
XAI_001,288644,0,1,0.8713340163230896,0.008677801117300987,categorical__NAME_CONTRACT_TYPE_Revolving loans,NAME_CONTRACT_TYPE,Contract type: Revolving loans,Cash loans,0.014777720905840397,0.014777720905840397,increases model risk output
XAI_001,288644,0,1,0.8713340163230896,0.008677801117300987,categorical__NAME_INCOME_TYPE_Businessman,NAME_INCOME_TYPE,Income type: Businessman,Working,0.0,0.0,decreases model risk output
XAI_001,288644,0,1,0.8713340163230896,0.008677801117300987,categorical__NAME_INCOME_TYPE_Commercial associate,NAME_INCOME_TYPE,Income type: Commercial associate,Working,-0.005580234806984663,0.005580234806984663,decreases model risk output
XAI_001,288644,0,1,0.8713340163230896,0.008677801117300987,categorical__NAME_INCOME_TYPE_Maternity leave,NAME_INCOME_TYPE,Income type: Maternity leave,Working,0.0,0.0,decreases model risk output
XAI_001,288644,0,1,0.8713340163230896,0.008677801117300987,categorical__NAME_INCOME_TYPE_Pensioner,NAME_INCOME_TYPE,Income type: Pensioner,Working,0.004791449289768934,0.004791449289768934,increases model risk output
XAI_001,288644,0,1,0.8713340163230896,0.008677801117300987,categorical__NAME_INCOME_TYPE_State servant,NAME_INCOME_TYPE,Income type: State servant,Working,0.0019067443208768964,0.0019067443208768964,increases model risk output
XAI_001,288644,0,1,0.8713340163230896,0.008677801117300987,categorical__NAME_INCOME_TYPE_Student,NAME_INCOME_TYPE,Income type: Student,Working,0.0,0.0,decreases model risk output
XAI_001,288644,0,1,0.8713340163230896,0.008677801117300987,categorical__NAME_INCOME_TYPE_Unemployed,NAME_INCOME_TYPE,Income type: Unemployed,Working,-9.058367140823975e-05,9.058367140823975e-05,decreases model risk output
XAI_001,288644,0,1,0.8713340163230896,0.008677801117300987,categorical__NAME_INCOME_TYPE_Working,NAME_INCOME_TYPE,Income type: Working,Working,0.11721689999103546,0.11721689999103546,increases model risk output
XAI_001,288644,0,1,0.8713340163230896,0.008677801117300987,categorical__NAME_HOUSING_TYPE_Co-op apartment,NAME_HOUSING_TYPE,Housing type: Co-op apartment,House / apartment,-8.16262763692066e-06,8.16262763692066e-06,decreases model risk output
XAI_001,288644,0,1,0.8713340163230896,0.008677801117300987,categorical__NAME_HOUSING_TYPE_House / apartment,NAME_HOUSING_TYPE,Housing type: House / apartment,House / apartment,-0.010527641512453556,0.010527641512453556,decreases model risk output
XAI_001,288644,0,1,0.8713340163230896,0.008677801117300987,categorical__NAME_HOUSING_TYPE_Municipal apartment,NAME_HOUSING_TYPE,Housing type: Municipal apartment,House / apartment,0.0005763106164522469,0.0005763106164522469,increases model risk output
XAI_001,288644,0,1,0.8713340163230896,0.008677801117300987,categorical__NAME_HOUSING_TYPE_Office apartment,NAME_HOUSING_TYPE,Housing type: Office apartment,House / apartment,0.0008664499036967754,0.0008664499036967754,increases model risk output
XAI_001,288644,0,1,0.8713340163230896,0.008677801117300987,categorical__NAME_HOUSING_TYPE_Rented apartment,NAME_HOUSING_TYPE,Housing type: Rented apartment,House / apartment,0.002083954866975546,0.002083954866975546,increases model risk output
XAI_001,288644,0,1,0.8713340163230896,0.008677801117300987,categorical__NAME_HOUSING_TYPE_With parents,NAME_HOUSING_TYPE,Housing type: With parents,House / apartment,-0.003353312611579895,0.003353312611579895,decreases model risk output
XAI_002,234361,0,1,0.8617958426475525,0.008677801117300987,numeric__AMT_INCOME_TOTAL,AMT_INCOME_TOTAL,Annual income,72000.0,0.010846436023712158,0.010846436023712158,increases model risk output
XAI_002,234361,0,1,0.8617958426475525,0.008677801117300987,numeric__AMT_CREDIT,AMT_CREDIT,Requested credit amount,640080.0,0.0962781310081482,0.0962781310081482,increases model risk output
XAI_002,234361,0,1,0.8617958426475525,0.008677801117300987,numeric__AMT_ANNUITY,AMT_ANNUITY,Annuity amount,31261.5,0.13223060965538025,0.13223060965538025,increases model risk output
XAI_002,234361,0,1,0.8617958426475525,0.008677801117300987,numeric__AMT_GOODS_PRICE,AMT_GOODS_PRICE,Goods price,450000.0,0.26571357250213623,0.26571357250213623,increases model risk output
XAI_002,234361,0,1,0.8617958426475525,0.008677801117300987,numeric__CNT_FAM_MEMBERS,CNT_FAM_MEMBERS,Family members,4.0,0.008640828542411327,0.008640828542411327,increases model risk output
XAI_002,234361,0,1,0.8617958426475525,0.008677801117300987,numeric__AMT_REQ_CREDIT_BUREAU_MON,AMT_REQ_CREDIT_BUREAU_MON,Credit enquiries in previous month,0.0,0.010339408181607723,0.010339408181607723,increases model risk output
XAI_002,234361,0,1,0.8617958426475525,0.008677801117300987,numeric__AMT_REQ_CREDIT_BUREAU_QRT,AMT_REQ_CREDIT_BUREAU_QRT,Credit enquiries in previous quarter,0.0,0.022599436342716217,0.022599436342716217,increases model risk output
XAI_002,234361,0,1,0.8617958426475525,0.008677801117300987,numeric__AMT_REQ_CREDIT_BUREAU_YEAR,AMT_REQ_CREDIT_BUREAU_YEAR,Credit enquiries in previous year,8.0,0.12805773317813873,0.12805773317813873,increases model risk output
XAI_002,234361,0,1,0.8617958426475525,0.008677801117300987,numeric__EMPLOYMENT_YEARS,EMPLOYMENT_YEARS,Employment duration,1.5523613963039014,0.2553567886352539,0.2553567886352539,increases model risk output
XAI_002,234361,0,1,0.8617958426475525,0.008677801117300987,numeric__CREDIT_INCOME_RATIO,CREDIT_INCOME_RATIO,Credit-to-income ratio,8.89,0.12033475190401077,0.12033475190401077,increases model risk output
XAI_002,234361,0,1,0.8617958426475525,0.008677801117300987,numeric__ANNUITY_INCOME_RATIO,ANNUITY_INCOME_RATIO,Annuity-to-income ratio,0.4341875,0.10621356219053268,0.10621356219053268,increases model risk output
XAI_002,234361,0,1,0.8617958426475525,0.008677801117300987,numeric__CREDIT_ANNUITY_RATIO,CREDIT_ANNUITY_RATIO,Credit-to-annuity ratio,20.475025190729813,0.4998742938041687,0.4998742938041687,increases model risk output
XAI_002,234361,0,1,0.8617958426475525,0.008677801117300987,categorical__NAME_CONTRACT_TYPE_Cash loans,NAME_CONTRACT_TYPE,Contract type: Cash loans,Cash loans,0.04744384065270424,0.04744384065270424,increases model risk output
XAI_002,234361,0,1,0.8617958426475525,0.008677801117300987,categorical__NAME_CONTRACT_TYPE_Revolving loans,NAME_CONTRACT_TYPE,Contract type: Revolving loans,Cash loans,0.01417397428303957,0.01417397428303957,increases model risk output
XAI_002,234361,0,1,0.8617958426475525,0.008677801117300987,categorical__NAME_INCOME_TYPE_Businessman,NAME_INCOME_TYPE,Income type: Businessman,Working,0.0,0.0,decreases model risk output
XAI_002,234361,0,1,0.8617958426475525,0.008677801117300987,categorical__NAME_INCOME_TYPE_Commercial associate,NAME_INCOME_TYPE,Income type: Commercial associate,Working,-0.005580234806984663,0.005580234806984663,decreases model risk output
XAI_002,234361,0,1,0.8617958426475525,0.008677801117300987,categorical__NAME_INCOME_TYPE_Maternity leave,NAME_INCOME_TYPE,Income type: Maternity leave,Working,0.0,0.0,decreases model risk output
XAI_002,234361,0,1,0.8617958426475525,0.008677801117300987,categorical__NAME_INCOME_TYPE_Pensioner,NAME_INCOME_TYPE,Income type: Pensioner,Working,0.004792205058038235,0.004792205058038235,increases model risk output
XAI_002,234361,0,1,0.8617958426475525,0.008677801117300987,categorical__NAME_INCOME_TYPE_State servant,NAME_INCOME_TYPE,Income type: State servant,Working,0.00253420602530241,0.00253420602530241,increases model risk output
XAI_002,234361,0,1,0.8617958426475525,0.008677801117300987,categorical__NAME_INCOME_TYPE_Student,NAME_INCOME_TYPE,Income type: Student,Working,0.0,0.0,decreases model risk output
XAI_002,234361,0,1,0.8617958426475525,0.008677801117300987,categorical__NAME_INCOME_TYPE_Unemployed,NAME_INCOME_TYPE,Income type: Unemployed,Working,-8.678291487740353e-05,8.678291487740353e-05,decreases model risk output
XAI_002,234361,0,1,0.8617958426475525,0.008677801117300987,categorical__NAME_INCOME_TYPE_Working,NAME_INCOME_TYPE,Income type: Working,Working,0.1151571050286293,0.1151571050286293,increases model risk output
XAI_002,234361,0,1,0.8617958426475525,0.008677801117300987,categorical__NAME_HOUSING_TYPE_Co-op apartment,NAME_HOUSING_TYPE,Housing type: Co-op apartment,House / apartment,-1.3600010788650252e-05,1.3600010788650252e-05,decreases model risk output
XAI_002,234361,0,1,0.8617958426475525,0.008677801117300987,categorical__NAME_HOUSING_TYPE_House / apartment,NAME_HOUSING_TYPE,Housing type: House / apartment,House / apartment,-0.008957027457654476,0.008957027457654476,decreases model risk output
XAI_002,234361,0,1,0.8617958426475525,0.008677801117300987,categorical__NAME_HOUSING_TYPE_Municipal apartment,NAME_HOUSING_TYPE,Housing type: Municipal apartment,House / apartment,0.0005740128108300269,0.0005740128108300269,increases model risk output
XAI_002,234361,0,1,0.8617958426475525,0.008677801117300987,categorical__NAME_HOUSING_TYPE_Office apartment,NAME_HOUSING_TYPE,Housing type: Office apartment,House / apartment,0.0007054850575514138,0.0007054850575514138,increases model risk output
XAI_002,234361,0,1,0.8617958426475525,0.008677801117300987,categorical__NAME_HOUSING_TYPE_Rented apartment,NAME_HOUSING_TYPE,Housing type: Rented apartment,House / apartment,-0.0025462789926677942,0.0025462789926677942,decreases model risk output
XAI_002,234361,0,1,0.8617958426475525,0.008677801117300987,categorical__NAME_HOUSING_TYPE_With parents,NAME_HOUSING_TYPE,Housing type: With parents,House / apartment,-0.003073527244850993,0.003073527244850993,decreases model risk output
XAI_003,25106,1,1,0.8516710996627808,0.008677801117300987,numeric__AMT_INCOME_TOTAL,AMT_INCOME_TOTAL,Annual income,157500.0,0.009689548052847385,0.009689548052847385,increases model risk output
XAI_003,25106,1,1,0.8516710996627808,0.008677801117300987,numeric__AMT_CREDIT,AMT_CREDIT,Requested credit amount,640080.0,0.09339628368616104,0.09339628368616104,increases model risk output
XAI_003,25106,1,1,0.8516710996627808,0.008677801117300987,numeric__AMT_ANNUITY,AMT_ANNUITY,Annuity amount,31261.5,0.12236088514328003,0.12236088514328003,increases model risk output
XAI_003,25106,1,1,0.8516710996627808,0.008677801117300987,numeric__AMT_GOODS_PRICE,AMT_GOODS_PRICE,Goods price,450000.0,0.2379104495048523,0.2379104495048523,increases model risk output
XAI_003,25106,1,1,0.8516710996627808,0.008677801117300987,numeric__CNT_FAM_MEMBERS,CNT_FAM_MEMBERS,Family members,1.0,0.03517049178481102,0.03517049178481102,increases model risk output
XAI_003,25106,1,1,0.8516710996627808,0.008677801117300987,numeric__AMT_REQ_CREDIT_BUREAU_MON,AMT_REQ_CREDIT_BUREAU_MON,Credit enquiries in previous month,0.0,0.006456230767071247,0.006456230767071247,increases model risk output
XAI_003,25106,1,1,0.8516710996627808,0.008677801117300987,numeric__AMT_REQ_CREDIT_BUREAU_QRT,AMT_REQ_CREDIT_BUREAU_QRT,Credit enquiries in previous quarter,0.0,0.017770539969205856,0.017770539969205856,increases model risk output
XAI_003,25106,1,1,0.8516710996627808,0.008677801117300987,numeric__AMT_REQ_CREDIT_BUREAU_YEAR,AMT_REQ_CREDIT_BUREAU_YEAR,Credit enquiries in previous year,1.0,0.009874828159809113,0.009874828159809113,increases model risk output
XAI_003,25106,1,1,0.8516710996627808,0.008677801117300987,numeric__EMPLOYMENT_YEARS,EMPLOYMENT_YEARS,Employment duration,0.6379192334017796,0.27344900369644165,0.27344900369644165,increases model risk output
XAI_003,25106,1,1,0.8516710996627808,0.008677801117300987,numeric__CREDIT_INCOME_RATIO,CREDIT_INCOME_RATIO,Credit-to-income ratio,4.064,0.018387446179986,0.018387446179986,increases model risk output
XAI_003,25106,1,1,0.8516710996627808,0.008677801117300987,numeric__ANNUITY_INCOME_RATIO,ANNUITY_INCOME_RATIO,Annuity-to-income ratio,0.1984857142857143,0.037246689200401306,0.037246689200401306,increases model risk output
XAI_003,25106,1,1,0.8516710996627808,0.008677801117300987,numeric__CREDIT_ANNUITY_RATIO,CREDIT_ANNUITY_RATIO,Credit-to-annuity ratio,20.475025190729813,0.48879504203796387,0.48879504203796387,increases model risk output
XAI_003,25106,1,1,0.8516710996627808,0.008677801117300987,categorical__NAME_CONTRACT_TYPE_Cash loans,NAME_CONTRACT_TYPE,Contract type: Cash loans,Cash loans,0.05007554590702057,0.05007554590702057,increases model risk output
XAI_003,25106,1,1,0.8516710996627808,0.008677801117300987,categorical__NAME_CONTRACT_TYPE_Revolving loans,NAME_CONTRACT_TYPE,Contract type: Revolving loans,Cash loans,0.008969325572252274,0.008969325572252274,increases model risk output
XAI_003,25106,1,1,0.8516710996627808,0.008677801117300987,categorical__NAME_INCOME_TYPE_Businessman,NAME_INCOME_TYPE,Income type: Businessman,Working,0.0,0.0,decreases model risk output
XAI_003,25106,1,1,0.8516710996627808,0.008677801117300987,categorical__NAME_INCOME_TYPE_Commercial associate,NAME_INCOME_TYPE,Income type: Commercial associate,Working,-0.005765050183981657,0.005765050183981657,decreases model risk output
XAI_003,25106,1,1,0.8516710996627808,0.008677801117300987,categorical__NAME_INCOME_TYPE_Maternity leave,NAME_INCOME_TYPE,Income type: Maternity leave,Working,0.0,0.0,decreases model risk output
XAI_003,25106,1,1,0.8516710996627808,0.008677801117300987,categorical__NAME_INCOME_TYPE_Pensioner,NAME_INCOME_TYPE,Income type: Pensioner,Working,0.005500905215740204,0.005500905215740204,increases model risk output
XAI_003,25106,1,1,0.8516710996627808,0.008677801117300987,categorical__NAME_INCOME_TYPE_State servant,NAME_INCOME_TYPE,Income type: State servant,Working,0.004599719308316708,0.004599719308316708,increases model risk output
XAI_003,25106,1,1,0.8516710996627808,0.008677801117300987,categorical__NAME_INCOME_TYPE_Student,NAME_INCOME_TYPE,Income type: Student,Working,0.0,0.0,decreases model risk output
XAI_003,25106,1,1,0.8516710996627808,0.008677801117300987,categorical__NAME_INCOME_TYPE_Unemployed,NAME_INCOME_TYPE,Income type: Unemployed,Working,-9.503371984465048e-05,9.503371984465048e-05,decreases model risk output
XAI_003,25106,1,1,0.8516710996627808,0.008677801117300987,categorical__NAME_INCOME_TYPE_Working,NAME_INCOME_TYPE,Income type: Working,Working,0.12054525315761566,0.12054525315761566,increases model risk output
XAI_003,25106,1,1,0.8516710996627808,0.008677801117300987,categorical__NAME_HOUSING_TYPE_Co-op apartment,NAME_HOUSING_TYPE,Housing type: Co-op apartment,Rented apartment,-8.467992302030325e-06,8.467992302030325e-06,decreases model risk output
XAI_003,25106,1,1,0.8516710996627808,0.008677801117300987,categorical__NAME_HOUSING_TYPE_House / apartment,NAME_HOUSING_TYPE,Housing type: House / apartment,Rented apartment,0.05772436782717705,0.05772436782717705,increases model risk output
XAI_003,25106,1,1,0.8516710996627808,0.008677801117300987,categorical__NAME_HOUSING_TYPE_Municipal apartment,NAME_HOUSING_TYPE,Housing type: Municipal apartment,Rented apartment,0.002020664745941758,0.002020664745941758,increases model risk output
XAI_003,25106,1,1,0.8516710996627808,0.008677801117300987,categorical__NAME_HOUSING_TYPE_Office apartment,NAME_HOUSING_TYPE,Housing type: Office apartment,Rented apartment,0.002554205944761634,0.002554205944761634,increases model risk output
XAI_003,25106,1,1,0.8516710996627808,0.008677801117300987,categorical__NAME_HOUSING_TYPE_Rented apartment,NAME_HOUSING_TYPE,Housing type: Rented apartment,Rented apartment,0.14497129619121552,0.14497129619121552,increases model risk output
XAI_003,25106,1,1,0.8516710996627808,0.008677801117300987,categorical__NAME_HOUSING_TYPE_With parents,NAME_HOUSING_TYPE,Housing type: With parents,Rented apartment,-0.002510028425604105,0.002510028425604105,decreases model risk output
XAI_004,148440,0,1,0.8458830118179321,0.008677801117300987,numeric__AMT_INCOME_TOTAL,AMT_INCOME_TOTAL,Annual income,112500.0,0.0008860492962412536,0.0008860492962412536,increases model risk output
XAI_004,148440,0,1,0.8458830118179321,0.008677801117300987,numeric__AMT_CREDIT,AMT_CREDIT,Requested credit amount,545040.0,0.09311535209417343,0.09311535209417343,increases model risk output
XAI_004,148440,0,1,0.8458830118179321,0.008677801117300987,numeric__AMT_ANNUITY,AMT_ANNUITY,Annuity amount,26509.5,0.06430763006210327,0.06430763006210327,increases model risk output
XAI_004,148440,0,1,0.8458830118179321,0.008677801117300987,numeric__AMT_GOODS_PRICE,AMT_GOODS_PRICE,Goods price,450000.0,0.2288665473461151,0.2288665473461151,increases model risk output
XAI_004,148440,0,1,0.8458830118179321,0.008677801117300987,numeric__CNT_FAM_MEMBERS,CNT_FAM_MEMBERS,Family members,2.0,-0.01037516538053751,0.01037516538053751,decreases model risk output
XAI_004,148440,0,1,0.8458830118179321,0.008677801117300987,numeric__AMT_REQ_CREDIT_BUREAU_MON,AMT_REQ_CREDIT_BUREAU_MON,Credit enquiries in previous month,0.0,0.0069023603573441505,0.0069023603573441505,increases model risk output
XAI_004,148440,0,1,0.8458830118179321,0.008677801117300987,numeric__AMT_REQ_CREDIT_BUREAU_QRT,AMT_REQ_CREDIT_BUREAU_QRT,Credit enquiries in previous quarter,0.0,0.01600770093500614,0.01600770093500614,increases model risk output
XAI_004,148440,0,1,0.8458830118179321,0.008677801117300987,numeric__AMT_REQ_CREDIT_BUREAU_YEAR,AMT_REQ_CREDIT_BUREAU_YEAR,Credit enquiries in previous year,4.0,0.016138974577188492,0.016138974577188492,increases model risk output
XAI_004,148440,0,1,0.8458830118179321,0.008677801117300987,numeric__EMPLOYMENT_YEARS,EMPLOYMENT_YEARS,Employment duration,1.730321697467488,0.2614101767539978,0.2614101767539978,increases model risk output
XAI_004,148440,0,1,0.8458830118179321,0.008677801117300987,numeric__CREDIT_INCOME_RATIO,CREDIT_INCOME_RATIO,Credit-to-income ratio,4.8448,0.032193608582019806,0.032193608582019806,increases model risk output
XAI_004,148440,0,1,0.8458830118179321,0.008677801117300987,numeric__ANNUITY_INCOME_RATIO,ANNUITY_INCOME_RATIO,Annuity-to-income ratio,0.23564,0.06946735084056854,0.06946735084056854,increases model risk output
XAI_004,148440,0,1,0.8458830118179321,0.008677801117300987,numeric__CREDIT_ANNUITY_RATIO,CREDIT_ANNUITY_RATIO,Credit-to-annuity ratio,20.560176540485486,0.5035167336463928,0.5035167336463928,increases model risk output
XAI_004,148440,0,1,0.8458830118179321,0.008677801117300987,categorical__NAME_CONTRACT_TYPE_Cash loans,NAME_CONTRACT_TYPE,Contract type: Cash loans,Cash loans,0.049652308225631714,0.049652308225631714,increases model risk output
XAI_004,148440,0,1,0.8458830118179321,0.008677801117300987,categorical__NAME_CONTRACT_TYPE_Revolving loans,NAME_CONTRACT_TYPE,Contract type: Revolving loans,Cash loans,0.013975807465612888,0.013975807465612888,increases model risk output
XAI_004,148440,0,1,0.8458830118179321,0.008677801117300987,categorical__NAME_INCOME_TYPE_Businessman,NAME_INCOME_TYPE,Income type: Businessman,Working,0.0,0.0,decreases model risk output
XAI_004,148440,0,1,0.8458830118179321,0.008677801117300987,categorical__NAME_INCOME_TYPE_Commercial associate,NAME_INCOME_TYPE,Income type: Commercial associate,Working,-0.005765050183981657,0.005765050183981657,decreases model risk output
XAI_004,148440,0,1,0.8458830118179321,0.008677801117300987,categorical__NAME_INCOME_TYPE_Maternity leave,NAME_INCOME_TYPE,Income type: Maternity leave,Working,0.0,0.0,decreases model risk output
XAI_004,148440,0,1,0.8458830118179321,0.008677801117300987,categorical__NAME_INCOME_TYPE_Pensioner,NAME_INCOME_TYPE,Income type: Pensioner,Working,0.006036778911948204,0.006036778911948204,increases model risk output
XAI_004,148440,0,1,0.8458830118179321,0.008677801117300987,categorical__NAME_INCOME_TYPE_State servant,NAME_INCOME_TYPE,Income type: State servant,Working,0.004405525512993336,0.004405525512993336,increases model risk output
XAI_004,148440,0,1,0.8458830118179321,0.008677801117300987,categorical__NAME_INCOME_TYPE_Student,NAME_INCOME_TYPE,Income type: Student,Working,0.0,0.0,decreases model risk output
XAI_004,148440,0,1,0.8458830118179321,0.008677801117300987,categorical__NAME_INCOME_TYPE_Unemployed,NAME_INCOME_TYPE,Income type: Unemployed,Working,-0.00010951885633403435,0.00010951885633403435,decreases model risk output
XAI_004,148440,0,1,0.8458830118179321,0.008677801117300987,categorical__NAME_INCOME_TYPE_Working,NAME_INCOME_TYPE,Income type: Working,Working,0.11937274783849716,0.11937274783849716,increases model risk output
XAI_004,148440,0,1,0.8458830118179321,0.008677801117300987,categorical__NAME_HOUSING_TYPE_Co-op apartment,NAME_HOUSING_TYPE,Housing type: Co-op apartment,Rented apartment,-1.390537727274932e-05,1.390537727274932e-05,decreases model risk output
XAI_004,148440,0,1,0.8458830118179321,0.008677801117300987,categorical__NAME_HOUSING_TYPE_House / apartment,NAME_HOUSING_TYPE,Housing type: House / apartment,Rented apartment,0.06461591273546219,0.06461591273546219,increases model risk output
XAI_004,148440,0,1,0.8458830118179321,0.008677801117300987,categorical__NAME_HOUSING_TYPE_Municipal apartment,NAME_HOUSING_TYPE,Housing type: Municipal apartment,Rented apartment,0.002022962551563978,0.002022962551563978,increases model risk output
XAI_004,148440,0,1,0.8458830118179321,0.008677801117300987,categorical__NAME_HOUSING_TYPE_Office apartment,NAME_HOUSING_TYPE,Housing type: Office apartment,Rented apartment,0.0021476810798048973,0.0021476810798048973,increases model risk output
XAI_004,148440,0,1,0.8458830118179321,0.008677801117300987,categorical__NAME_HOUSING_TYPE_Rented apartment,NAME_HOUSING_TYPE,Housing type: Rented apartment,Rented apartment,0.15810593962669373,0.15810593962669373,increases model risk output
XAI_004,148440,0,1,0.8458830118179321,0.008677801117300987,categorical__NAME_HOUSING_TYPE_With parents,NAME_HOUSING_TYPE,Housing type: With parents,Rented apartment,-0.0028934634756296873,0.0028934634756296873,decreases model risk output
XAI_005,267529,0,1,0.8445412516593933,0.008677801117300987,numeric__AMT_INCOME_TOTAL,AMT_INCOME_TOTAL,Annual income,162000.0,0.01125932577997446,0.01125932577997446,increases model risk output
XAI_005,267529,0,1,0.8445412516593933,0.008677801117300987,numeric__AMT_CREDIT,AMT_CREDIT,Requested credit amount,545040.0,0.08549363911151886,0.08549363911151886,increases model risk output
XAI_005,267529,0,1,0.8445412516593933,0.008677801117300987,numeric__AMT_ANNUITY,AMT_ANNUITY,Annuity amount,26640.0,0.0757928118109703,0.0757928118109703,increases model risk output
XAI_005,267529,0,1,0.8445412516593933,0.008677801117300987,numeric__AMT_GOODS_PRICE,AMT_GOODS_PRICE,Goods price,450000.0,0.22852174937725067,0.22852174937725067,increases model risk output
XAI_005,267529,0,1,0.8445412516593933,0.008677801117300987,numeric__CNT_FAM_MEMBERS,CNT_FAM_MEMBERS,Family members,6.0,0.24643529951572418,0.24643529951572418,increases model risk output
XAI_005,267529,0,1,0.8445412516593933,0.008677801117300987,numeric__AMT_REQ_CREDIT_BUREAU_MON,AMT_REQ_CREDIT_BUREAU_MON,Credit enquiries in previous month,0.0,0.0069522554986178875,0.0069522554986178875,increases model risk output
XAI_005,267529,0,1,0.8445412516593933,0.008677801117300987,numeric__AMT_REQ_CREDIT_BUREAU_QRT,AMT_REQ_CREDIT_BUREAU_QRT,Credit enquiries in previous quarter,0.0,0.02090628631412983,0.02090628631412983,increases model risk output
XAI_005,267529,0,1,0.8445412516593933,0.008677801117300987,numeric__AMT_REQ_CREDIT_BUREAU_YEAR,AMT_REQ_CREDIT_BUREAU_YEAR,Credit enquiries in previous year,5.0,0.06313694268465042,0.06313694268465042,increases model risk output
XAI_005,267529,0,1,0.8445412516593933,0.008677801117300987,numeric__EMPLOYMENT_YEARS,EMPLOYMENT_YEARS,Employment duration,3.2908966461327855,0.28210365772247314,0.28210365772247314,increases model risk output
XAI_005,267529,0,1,0.8445412516593933,0.008677801117300987,numeric__CREDIT_INCOME_RATIO,CREDIT_INCOME_RATIO,Credit-to-income ratio,3.3644444444444446,0.02311612293124199,0.02311612293124199,increases model risk output
XAI_005,267529,0,1,0.8445412516593933,0.008677801117300987,numeric__ANNUITY_INCOME_RATIO,ANNUITY_INCOME_RATIO,Annuity-to-income ratio,0.16444444444444445,-0.0356844961643219,0.0356844961643219,decreases model risk output
XAI_005,267529,0,1,0.8445412516593933,0.008677801117300987,numeric__CREDIT_ANNUITY_RATIO,CREDIT_ANNUITY_RATIO,Credit-to-annuity ratio,20.45945945945946,0.4956926107406616,0.4956926107406616,increases model risk output
XAI_005,267529,0,1,0.8445412516593933,0.008677801117300987,categorical__NAME_CONTRACT_TYPE_Cash loans,NAME_CONTRACT_TYPE,Contract type: Cash loans,Cash loans,0.052638743072748184,0.052638743072748184,increases model risk output
XAI_005,267529,0,1,0.8445412516593933,0.008677801117300987,categorical__NAME_CONTRACT_TYPE_Revolving loans,NAME_CONTRACT_TYPE,Contract type: Revolving loans,Cash loans,0.015316719189286232,0.015316719189286232,increases model risk output
XAI_005,267529,0,1,0.8445412516593933,0.008677801117300987,categorical__NAME_INCOME_TYPE_Businessman,NAME_INCOME_TYPE,Income type: Businessman,Working,0.0,0.0,decreases model risk output
XAI_005,267529,0,1,0.8445412516593933,0.008677801117300987,categorical__NAME_INCOME_TYPE_Commercial associate,NAME_INCOME_TYPE,Income type: Commercial associate,Working,-0.005306752864271402,0.005306752864271402,decreases model risk output
XAI_005,267529,0,1,0.8445412516593933,0.008677801117300987,categorical__NAME_INCOME_TYPE_Maternity leave,NAME_INCOME_TYPE,Income type: Maternity leave,Working,0.0,0.0,decreases model risk output
XAI_005,267529,0,1,0.8445412516593933,0.008677801117300987,categorical__NAME_INCOME_TYPE_Pensioner,NAME_INCOME_TYPE,Income type: Pensioner,Working,0.004241347778588533,0.004241347778588533,increases model risk output
XAI_005,267529,0,1,0.8445412516593933,0.008677801117300987,categorical__NAME_INCOME_TYPE_State servant,NAME_INCOME_TYPE,Income type: State servant,Working,0.0027468670159578323,0.0027468670159578323,increases model risk output
XAI_005,267529,0,1,0.8445412516593933,0.008677801117300987,categorical__NAME_INCOME_TYPE_Student,NAME_INCOME_TYPE,Income type: Student,Working,0.0,0.0,decreases model risk output
XAI_005,267529,0,1,0.8445412516593933,0.008677801117300987,categorical__NAME_INCOME_TYPE_Unemployed,NAME_INCOME_TYPE,Income type: Unemployed,Working,-0.00010125496191903949,0.00010125496191903949,decreases model risk output
XAI_005,267529,0,1,0.8445412516593933,0.008677801117300987,categorical__NAME_INCOME_TYPE_Working,NAME_INCOME_TYPE,Income type: Working,Working,0.12062057107686996,0.12062057107686996,increases model risk output
XAI_005,267529,0,1,0.8445412516593933,0.008677801117300987,categorical__NAME_HOUSING_TYPE_Co-op apartment,NAME_HOUSING_TYPE,Housing type: Co-op apartment,House / apartment,-1.390537727274932e-05,1.390537727274932e-05,decreases model risk output
XAI_005,267529,0,1,0.8445412516593933,0.008677801117300987,categorical__NAME_HOUSING_TYPE_House / apartment,NAME_HOUSING_TYPE,Housing type: House / apartment,House / apartment,-0.009622775949537754,0.009622775949537754,decreases model risk output
XAI_005,267529,0,1,0.8445412516593933,0.008677801117300987,categorical__NAME_HOUSING_TYPE_Municipal apartment,NAME_HOUSING_TYPE,Housing type: Municipal apartment,House / apartment,0.0005763106164522469,0.0005763106164522469,increases model risk output
XAI_005,267529,0,1,0.8445412516593933,0.008677801117300987,categorical__NAME_HOUSING_TYPE_Office apartment,NAME_HOUSING_TYPE,Housing type: Office apartment,House / apartment,0.0006910592201165855,0.0006910592201165855,increases model risk output
XAI_005,267529,0,1,0.8445412516593933,0.008677801117300987,categorical__NAME_HOUSING_TYPE_Rented apartment,NAME_HOUSING_TYPE,Housing type: Rented apartment,House / apartment,0.0016934749437496066,0.0016934749437496066,increases model risk output
XAI_005,267529,0,1,0.8445412516593933,0.008677801117300987,categorical__NAME_HOUSING_TYPE_With parents,NAME_HOUSING_TYPE,Housing type: With parents,House / apartment,-0.003472646465525031,0.003472646465525031,decreases model risk output
XAI_006,259190,0,1,0.5000002980232239,0.008677801117300987,numeric__AMT_INCOME_TOTAL,AMT_INCOME_TOTAL,Annual income,270000.0,-0.024847624823451042,0.024847624823451042,decreases model risk output
XAI_006,259190,0,1,0.5000002980232239,0.008677801117300987,numeric__AMT_CREDIT,AMT_CREDIT,Requested credit amount,288000.0,-0.09117034077644348,0.09117034077644348,decreases model risk output
XAI_006,259190,0,1,0.5000002980232239,0.008677801117300987,numeric__AMT_ANNUITY,AMT_ANNUITY,Annuity amount,19246.5,-0.03766682371497154,0.03766682371497154,decreases model risk output
XAI_006,259190,0,1,0.5000002980232239,0.008677801117300987,numeric__AMT_GOODS_PRICE,AMT_GOODS_PRICE,Goods price,288000.0,0.1436927169561386,0.1436927169561386,increases model risk output
XAI_006,259190,0,1,0.5000002980232239,0.008677801117300987,numeric__CNT_FAM_MEMBERS,CNT_FAM_MEMBERS,Family members,2.0,-0.012270278297364712,0.012270278297364712,decreases model risk output
XAI_006,259190,0,1,0.5000002980232239,0.008677801117300987,numeric__AMT_REQ_CREDIT_BUREAU_MON,AMT_REQ_CREDIT_BUREAU_MON,Credit enquiries in previous month,0.0,0.007743425201624632,0.007743425201624632,increases model risk output
XAI_006,259190,0,1,0.5000002980232239,0.008677801117300987,numeric__AMT_REQ_CREDIT_BUREAU_QRT,AMT_REQ_CREDIT_BUREAU_QRT,Credit enquiries in previous quarter,0.0,0.012068680487573147,0.012068680487573147,increases model risk output
XAI_006,259190,0,1,0.5000002980232239,0.008677801117300987,numeric__AMT_REQ_CREDIT_BUREAU_YEAR,AMT_REQ_CREDIT_BUREAU_YEAR,Credit enquiries in previous year,2.0,0.018463771790266037,0.018463771790266037,increases model risk output
XAI_006,259190,0,1,0.5000002980232239,0.008677801117300987,numeric__EMPLOYMENT_YEARS,EMPLOYMENT_YEARS,Employment duration,8.24914442162902,-0.15388765931129456,0.15388765931129456,decreases model risk output
XAI_006,259190,0,1,0.5000002980232239,0.008677801117300987,numeric__CREDIT_INCOME_RATIO,CREDIT_INCOME_RATIO,Credit-to-income ratio,1.0666666666666667,-0.07034190744161606,0.07034190744161606,decreases model risk output
XAI_006,259190,0,1,0.5000002980232239,0.008677801117300987,numeric__ANNUITY_INCOME_RATIO,ANNUITY_INCOME_RATIO,Annuity-to-income ratio,0.07128333333333334,-0.03270529583096504,0.03270529583096504,decreases model risk output
XAI_006,259190,0,1,0.5000002980232239,0.008677801117300987,numeric__CREDIT_ANNUITY_RATIO,CREDIT_ANNUITY_RATIO,Credit-to-annuity ratio,14.96375964461071,0.05837512016296387,0.05837512016296387,increases model risk output
XAI_006,259190,0,1,0.5000002980232239,0.008677801117300987,categorical__NAME_CONTRACT_TYPE_Cash loans,NAME_CONTRACT_TYPE,Contract type: Cash loans,Cash loans,0.04062680900096893,0.04062680900096893,increases model risk output
XAI_006,259190,0,1,0.5000002980232239,0.008677801117300987,categorical__NAME_CONTRACT_TYPE_Revolving loans,NAME_CONTRACT_TYPE,Contract type: Revolving loans,Cash loans,0.012351433746516705,0.012351433746516705,increases model risk output
XAI_006,259190,0,1,0.5000002980232239,0.008677801117300987,categorical__NAME_INCOME_TYPE_Businessman,NAME_INCOME_TYPE,Income type: Businessman,Working,0.0,0.0,decreases model risk output
XAI_006,259190,0,1,0.5000002980232239,0.008677801117300987,categorical__NAME_INCOME_TYPE_Commercial associate,NAME_INCOME_TYPE,Income type: Commercial associate,Working,-0.006007294170558453,0.006007294170558453,decreases model risk output
XAI_006,259190,0,1,0.5000002980232239,0.008677801117300987,categorical__NAME_INCOME_TYPE_Maternity leave,NAME_INCOME_TYPE,Income type: Maternity leave,Working,0.0,0.0,decreases model risk output
XAI_006,259190,0,1,0.5000002980232239,0.008677801117300987,categorical__NAME_INCOME_TYPE_Pensioner,NAME_INCOME_TYPE,Income type: Pensioner,Working,0.013339358381927013,0.013339358381927013,increases model risk output
XAI_006,259190,0,1,0.5000002980232239,0.008677801117300987,categorical__NAME_INCOME_TYPE_State servant,NAME_INCOME_TYPE,Income type: State servant,Working,0.005322976969182491,0.005322976969182491,increases model risk output
XAI_006,259190,0,1,0.5000002980232239,0.008677801117300987,categorical__NAME_INCOME_TYPE_Student,NAME_INCOME_TYPE,Income type: Student,Working,0.0,0.0,decreases model risk output
XAI_006,259190,0,1,0.5000002980232239,0.008677801117300987,categorical__NAME_INCOME_TYPE_Unemployed,NAME_INCOME_TYPE,Income type: Unemployed,Working,-0.00011276187433395535,0.00011276187433395535,decreases model risk output
XAI_006,259190,0,1,0.5000002980232239,0.008677801117300987,categorical__NAME_INCOME_TYPE_Working,NAME_INCOME_TYPE,Income type: Working,Working,0.12092135101556778,0.12092135101556778,increases model risk output
XAI_006,259190,0,1,0.5000002980232239,0.008677801117300987,categorical__NAME_HOUSING_TYPE_Co-op apartment,NAME_HOUSING_TYPE,Housing type: Co-op apartment,House / apartment,-1.390537727274932e-05,1.390537727274932e-05,decreases model risk output
XAI_006,259190,0,1,0.5000002980232239,0.008677801117300987,categorical__NAME_HOUSING_TYPE_House / apartment,NAME_HOUSING_TYPE,Housing type: House / apartment,House / apartment,-0.008979201316833496,0.008979201316833496,decreases model risk output
XAI_006,259190,0,1,0.5000002980232239,0.008677801117300987,categorical__NAME_HOUSING_TYPE_Municipal apartment,NAME_HOUSING_TYPE,Housing type: Municipal apartment,House / apartment,0.00014958753308746964,0.00014958753308746964,increases model risk output
XAI_006,259190,0,1,0.5000002980232239,0.008677801117300987,categorical__NAME_HOUSING_TYPE_Office apartment,NAME_HOUSING_TYPE,Housing type: Office apartment,House / apartment,0.002459233859553933,0.002459233859553933,increases model risk output
XAI_006,259190,0,1,0.5000002980232239,0.008677801117300987,categorical__NAME_HOUSING_TYPE_Rented apartment,NAME_HOUSING_TYPE,Housing type: Rented apartment,House / apartment,-0.003089185105636716,0.003089185105636716,decreases model risk output
XAI_006,259190,0,1,0.5000002980232239,0.008677801117300987,categorical__NAME_HOUSING_TYPE_With parents,NAME_HOUSING_TYPE,Housing type: With parents,House / apartment,-0.0030989916995167732,0.0030989916995167732,decreases model risk output
XAI_007,125832,0,1,0.5000077486038208,0.008677801117300987,numeric__AMT_INCOME_TOTAL,AMT_INCOME_TOTAL,Annual income,157500.0,0.012879240326583385,0.012879240326583385,increases model risk output
XAI_007,125832,0,1,0.5000077486038208,0.008677801117300987,numeric__AMT_CREDIT,AMT_CREDIT,Requested credit amount,755190.0,0.050066988915205,0.050066988915205,increases model risk output
XAI_007,125832,0,1,0.5000077486038208,0.008677801117300987,numeric__AMT_ANNUITY,AMT_ANNUITY,Annuity amount,36459.0,0.07248260080814362,0.07248260080814362,increases model risk output
XAI_007,125832,0,1,0.5000077486038208,0.008677801117300987,numeric__AMT_GOODS_PRICE,AMT_GOODS_PRICE,Goods price,675000.0,-0.10782406479120255,0.10782406479120255,decreases model risk output
XAI_007,125832,0,1,0.5000077486038208,0.008677801117300987,numeric__CNT_FAM_MEMBERS,CNT_FAM_MEMBERS,Family members,2.0,-0.01197704579681158,0.01197704579681158,decreases model risk output
XAI_007,125832,0,1,0.5000077486038208,0.008677801117300987,numeric__AMT_REQ_CREDIT_BUREAU_MON,AMT_REQ_CREDIT_BUREAU_MON,Credit enquiries in previous month,1.0,-0.02456476539373398,0.02456476539373398,decreases model risk output
XAI_007,125832,0,1,0.5000077486038208,0.008677801117300987,numeric__AMT_REQ_CREDIT_BUREAU_QRT,AMT_REQ_CREDIT_BUREAU_QRT,Credit enquiries in previous quarter,0.0,0.021800560876727104,0.021800560876727104,increases model risk output
XAI_007,125832,0,1,0.5000077486038208,0.008677801117300987,numeric__AMT_REQ_CREDIT_BUREAU_YEAR,AMT_REQ_CREDIT_BUREAU_YEAR,Credit enquiries in previous year,6.0,0.08139786124229431,0.08139786124229431,increases model risk output
XAI_007,125832,0,1,0.5000077486038208,0.008677801117300987,numeric__EMPLOYMENT_YEARS,EMPLOYMENT_YEARS,Employment duration,,-0.14039303362369537,0.14039303362369537,decreases model risk output
XAI_007,125832,0,1,0.5000077486038208,0.008677801117300987,numeric__CREDIT_INCOME_RATIO,CREDIT_INCOME_RATIO,Credit-to-income ratio,4.7948571428571425,-0.0015611182898283005,0.0015611182898283005,decreases model risk output
XAI_007,125832,0,1,0.5000077486038208,0.008677801117300987,numeric__ANNUITY_INCOME_RATIO,ANNUITY_INCOME_RATIO,Annuity-to-income ratio,0.2314857142857143,0.0142071433365345,0.0142071433365345,increases model risk output
XAI_007,125832,0,1,0.5000077486038208,0.008677801117300987,numeric__CREDIT_ANNUITY_RATIO,CREDIT_ANNUITY_RATIO,Credit-to-annuity ratio,20.713404097753642,0.1805889755487442,0.1805889755487442,increases model risk output
XAI_007,125832,0,1,0.5000077486038208,0.008677801117300987,categorical__NAME_CONTRACT_TYPE_Cash loans,NAME_CONTRACT_TYPE,Contract type: Cash loans,Cash loans,0.045846909284591675,0.045846909284591675,increases model risk output
XAI_007,125832,0,1,0.5000077486038208,0.008677801117300987,categorical__NAME_CONTRACT_TYPE_Revolving loans,NAME_CONTRACT_TYPE,Contract type: Revolving loans,Cash loans,0.014946174807846546,0.014946174807846546,increases model risk output
XAI_007,125832,0,1,0.5000077486038208,0.008677801117300987,categorical__NAME_INCOME_TYPE_Businessman,NAME_INCOME_TYPE,Income type: Businessman,Pensioner,0.0,0.0,decreases model risk output
XAI_007,125832,0,1,0.5000077486038208,0.008677801117300987,categorical__NAME_INCOME_TYPE_Commercial associate,NAME_INCOME_TYPE,Income type: Commercial associate,Pensioner,-0.016049707308411598,0.016049707308411598,decreases model risk output
XAI_007,125832,0,1,0.5000077486038208,0.008677801117300987,categorical__NAME_INCOME_TYPE_Maternity leave,NAME_INCOME_TYPE,Income type: Maternity leave,Pensioner,0.0,0.0,decreases model risk output
XAI_007,125832,0,1,0.5000077486038208,0.008677801117300987,categorical__NAME_INCOME_TYPE_Pensioner,NAME_INCOME_TYPE,Income type: Pensioner,Pensioner,-0.029260793700814247,0.029260793700814247,decreases model risk output
XAI_007,125832,0,1,0.5000077486038208,0.008677801117300987,categorical__NAME_INCOME_TYPE_State servant,NAME_INCOME_TYPE,Income type: State servant,Pensioner,0.0029586260206997395,0.0029586260206997395,increases model risk output
XAI_007,125832,0,1,0.5000077486038208,0.008677801117300987,categorical__NAME_INCOME_TYPE_Student,NAME_INCOME_TYPE,Income type: Student,Pensioner,0.0,0.0,decreases model risk output
XAI_007,125832,0,1,0.5000077486038208,0.008677801117300987,categorical__NAME_INCOME_TYPE_Unemployed,NAME_INCOME_TYPE,Income type: Unemployed,Pensioner,-6.762791599612683e-05,6.762791599612683e-05,decreases model risk output
XAI_007,125832,0,1,0.5000077486038208,0.008677801117300987,categorical__NAME_INCOME_TYPE_Working,NAME_INCOME_TYPE,Income type: Working,Pensioner,-0.15714024007320404,0.15714024007320404,decreases model risk output
XAI_007,125832,0,1,0.5000077486038208,0.008677801117300987,categorical__NAME_HOUSING_TYPE_Co-op apartment,NAME_HOUSING_TYPE,Housing type: Co-op apartment,House / apartment,-1.390537727274932e-05,1.390537727274932e-05,decreases model risk output
XAI_007,125832,0,1,0.5000077486038208,0.008677801117300987,categorical__NAME_HOUSING_TYPE_House / apartment,NAME_HOUSING_TYPE,Housing type: House / apartment,House / apartment,-0.010102505795657635,0.010102505795657635,decreases model risk output
XAI_007,125832,0,1,0.5000077486038208,0.008677801117300987,categorical__NAME_HOUSING_TYPE_Municipal apartment,NAME_HOUSING_TYPE,Housing type: Municipal apartment,House / apartment,0.00027591612888500094,0.00027591612888500094,increases model risk output
XAI_007,125832,0,1,0.5000077486038208,0.008677801117300987,categorical__NAME_HOUSING_TYPE_Office apartment,NAME_HOUSING_TYPE,Housing type: Office apartment,House / apartment,0.00037401026929728687,0.00037401026929728687,increases model risk output
XAI_007,125832,0,1,0.5000077486038208,0.008677801117300987,categorical__NAME_HOUSING_TYPE_Rented apartment,NAME_HOUSING_TYPE,Housing type: Rented apartment,House / apartment,-0.0037425204645842314,0.0037425204645842314,decreases model risk output
XAI_007,125832,0,1,0.5000077486038208,0.008677801117300987,categorical__NAME_HOUSING_TYPE_With parents,NAME_HOUSING_TYPE,Housing type: With parents,House / apartment,-0.0037745055742561817,0.0037745055742561817,decreases model risk output
XAI_008,3508,0,1,0.5000227689743042,0.008677801117300987,numeric__AMT_INCOME_TOTAL,AMT_INCOME_TOTAL,Annual income,67500.0,0.02354446053504944,0.02354446053504944,increases model risk output
XAI_008,3508,0,1,0.5000227689743042,0.008677801117300987,numeric__AMT_CREDIT,AMT_CREDIT,Requested credit amount,135000.0,-0.12171080708503723,0.12171080708503723,decreases model risk output
XAI_008,3508,0,1,0.5000227689743042,0.008677801117300987,numeric__AMT_ANNUITY,AMT_ANNUITY,Annuity amount,6750.0,-0.08323944360017776,0.08323944360017776,decreases model risk output
XAI_008,3508,0,1,0.5000227689743042,0.008677801117300987,numeric__AMT_GOODS_PRICE,AMT_GOODS_PRICE,Goods price,135000.0,0.24642354249954224,0.24642354249954224,increases model risk output
XAI_008,3508,0,1,0.5000227689743042,0.008677801117300987,numeric__CNT_FAM_MEMBERS,CNT_FAM_MEMBERS,Family members,3.0,-0.009477444924414158,0.009477444924414158,decreases model risk output
XAI_008,3508,0,1,0.5000227689743042,0.008677801117300987,numeric__AMT_REQ_CREDIT_BUREAU_MON,AMT_REQ_CREDIT_BUREAU_MON,Credit enquiries in previous month,0.0,0.017084727063775063,0.017084727063775063,increases model risk output
XAI_008,3508,0,1,0.5000227689743042,0.008677801117300987,numeric__AMT_REQ_CREDIT_BUREAU_QRT,AMT_REQ_CREDIT_BUREAU_QRT,Credit enquiries in previous quarter,0.0,0.017448855563998222,0.017448855563998222,increases model risk output
XAI_008,3508,0,1,0.5000227689743042,0.008677801117300987,numeric__AMT_REQ_CREDIT_BUREAU_YEAR,AMT_REQ_CREDIT_BUREAU_YEAR,Credit enquiries in previous year,0.0,-0.08789848536252975,0.08789848536252975,decreases model risk output
XAI_008,3508,0,1,0.5000227689743042,0.008677801117300987,numeric__EMPLOYMENT_YEARS,EMPLOYMENT_YEARS,Employment duration,1.864476386036961,0.30252355337142944,0.30252355337142944,increases model risk output
XAI_008,3508,0,1,0.5000227689743042,0.008677801117300987,numeric__CREDIT_INCOME_RATIO,CREDIT_INCOME_RATIO,Credit-to-income ratio,2.0,-0.030183881521224976,0.030183881521224976,decreases model risk output
XAI_008,3508,0,1,0.5000227689743042,0.008677801117300987,numeric__ANNUITY_INCOME_RATIO,ANNUITY_INCOME_RATIO,Annuity-to-income ratio,0.1,-0.06035012751817703,0.06035012751817703,decreases model risk output
XAI_008,3508,0,1,0.5000227689743042,0.008677801117300987,numeric__CREDIT_ANNUITY_RATIO,CREDIT_ANNUITY_RATIO,Credit-to-annuity ratio,20.0,0.09004083275794983,0.09004083275794983,increases model risk output
XAI_008,3508,0,1,0.5000227689743042,0.008677801117300987,categorical__NAME_CONTRACT_TYPE_Cash loans,NAME_CONTRACT_TYPE,Contract type: Cash loans,Revolving loans,-0.31689468026161194,0.31689468026161194,decreases model risk output
XAI_008,3508,0,1,0.5000227689743042,0.008677801117300987,categorical__NAME_CONTRACT_TYPE_Revolving loans,NAME_CONTRACT_TYPE,Contract type: Revolving loans,Revolving loans,-0.06957358866930008,0.06957358866930008,decreases model risk output
XAI_008,3508,0,1,0.5000227689743042,0.008677801117300987,categorical__NAME_INCOME_TYPE_Businessman,NAME_INCOME_TYPE,Income type: Businessman,Working,0.0,0.0,decreases model risk output
XAI_008,3508,0,1,0.5000227689743042,0.008677801117300987,categorical__NAME_INCOME_TYPE_Commercial associate,NAME_INCOME_TYPE,Income type: Commercial associate,Working,-0.005088804289698601,0.005088804289698601,decreases model risk output
XAI_008,3508,0,1,0.5000227689743042,0.008677801117300987,categorical__NAME_INCOME_TYPE_Maternity leave,NAME_INCOME_TYPE,Income type: Maternity leave,Working,0.0,0.0,decreases model risk output
XAI_008,3508,0,1,0.5000227689743042,0.008677801117300987,categorical__NAME_INCOME_TYPE_Pensioner,NAME_INCOME_TYPE,Income type: Pensioner,Working,0.004476006608456373,0.004476006608456373,increases model risk output
XAI_008,3508,0,1,0.5000227689743042,0.008677801117300987,categorical__NAME_INCOME_TYPE_State servant,NAME_INCOME_TYPE,Income type: State servant,Working,0.003731998149305582,0.003731998149305582,increases model risk output
XAI_008,3508,0,1,0.5000227689743042,0.008677801117300987,categorical__NAME_INCOME_TYPE_Student,NAME_INCOME_TYPE,Income type: Student,Working,0.0,0.0,decreases model risk output
XAI_008,3508,0,1,0.5000227689743042,0.008677801117300987,categorical__NAME_INCOME_TYPE_Unemployed,NAME_INCOME_TYPE,Income type: Unemployed,Working,-9.59620374487713e-05,9.59620374487713e-05,decreases model risk output
XAI_008,3508,0,1,0.5000227689743042,0.008677801117300987,categorical__NAME_INCOME_TYPE_Working,NAME_INCOME_TYPE,Income type: Working,Working,0.08847622573375702,0.08847622573375702,increases model risk output
XAI_008,3508,0,1,0.5000227689743042,0.008677801117300987,categorical__NAME_HOUSING_TYPE_Co-op apartment,NAME_HOUSING_TYPE,Housing type: Co-op apartment,House / apartment,-8.467992302030325e-06,8.467992302030325e-06,decreases model risk output
XAI_008,3508,0,1,0.5000227689743042,0.008677801117300987,categorical__NAME_HOUSING_TYPE_House / apartment,NAME_HOUSING_TYPE,Housing type: House / apartment,House / apartment,-0.01297205500304699,0.01297205500304699,decreases model risk output
XAI_008,3508,0,1,0.5000227689743042,0.008677801117300987,categorical__NAME_HOUSING_TYPE_Municipal apartment,NAME_HOUSING_TYPE,Housing type: Municipal apartment,House / apartment,0.0003363153664395213,0.0003363153664395213,increases model risk output
XAI_008,3508,0,1,0.5000227689743042,0.008677801117300987,categorical__NAME_HOUSING_TYPE_Office apartment,NAME_HOUSING_TYPE,Housing type: Office apartment,House / apartment,0.0011402186937630177,0.0011402186937630177,increases model risk output
XAI_008,3508,0,1,0.5000227689743042,0.008677801117300987,categorical__NAME_HOUSING_TYPE_Rented apartment,NAME_HOUSING_TYPE,Housing type: Rented apartment,House / apartment,-0.002917717443779111,0.002917717443779111,decreases model risk output
XAI_008,3508,0,1,0.5000227689743042,0.008677801117300987,categorical__NAME_HOUSING_TYPE_With parents,NAME_HOUSING_TYPE,Housing type: With parents,House / apartment,-0.003401861060410738,0.003401861060410738,decreases model risk output
XAI_009,264908,0,1,0.5000302195549011,0.008677801117300987,numeric__AMT_INCOME_TOTAL,AMT_INCOME_TOTAL,Annual income,261000.0,-0.013680311851203442,0.013680311851203442,decreases model risk output
XAI_009,264908,0,1,0.5000302195549011,0.008677801117300987,numeric__AMT_CREDIT,AMT_CREDIT,Requested credit amount,985221.0,0.15331919491291046,0.15331919491291046,increases model risk output
XAI_009,264908,0,1,0.5000302195549011,0.008677801117300987,numeric__AMT_ANNUITY,AMT_ANNUITY,Annuity amount,32688.0,0.11330019682645798,0.11330019682645798,increases model risk output
XAI_009,264908,0,1,0.5000302195549011,0.008677801117300987,numeric__AMT_GOODS_PRICE,AMT_GOODS_PRICE,Goods price,850500.0,-0.3118651509284973,0.3118651509284973,decreases model risk output
XAI_009,264908,0,1,0.5000302195549011,0.008677801117300987,numeric__CNT_FAM_MEMBERS,CNT_FAM_MEMBERS,Family members,5.0,0.01916399784386158,0.01916399784386158,increases model risk output
XAI_009,264908,0,1,0.5000302195549011,0.008677801117300987,numeric__AMT_REQ_CREDIT_BUREAU_MON,AMT_REQ_CREDIT_BUREAU_MON,Credit enquiries in previous month,0.0,0.007890860550105572,0.007890860550105572,increases model risk output
XAI_009,264908,0,1,0.5000302195549011,0.008677801117300987,numeric__AMT_REQ_CREDIT_BUREAU_QRT,AMT_REQ_CREDIT_BUREAU_QRT,Credit enquiries in previous quarter,0.0,0.024291619658470154,0.024291619658470154,increases model risk output
XAI_009,264908,0,1,0.5000302195549011,0.008677801117300987,numeric__AMT_REQ_CREDIT_BUREAU_YEAR,AMT_REQ_CREDIT_BUREAU_YEAR,Credit enquiries in previous year,1.0,0.0008966837776824832,0.0008966837776824832,increases model risk output
XAI_009,264908,0,1,0.5000302195549011,0.008677801117300987,numeric__EMPLOYMENT_YEARS,EMPLOYMENT_YEARS,Employment duration,1.541409993155373,0.22281090915203094,0.22281090915203094,increases model risk output
XAI_009,264908,0,1,0.5000302195549011,0.008677801117300987,numeric__CREDIT_INCOME_RATIO,CREDIT_INCOME_RATIO,Credit-to-income ratio,3.774793103448276,0.004044155590236187,0.004044155590236187,increases model risk output
XAI_009,264908,0,1,0.5000302195549011,0.008677801117300987,numeric__ANNUITY_INCOME_RATIO,ANNUITY_INCOME_RATIO,Annuity-to-income ratio,0.12524137931034482,-0.032951273024082184,0.032951273024082184,decreases model risk output
XAI_009,264908,0,1,0.5000302195549011,0.008677801117300987,numeric__CREDIT_ANNUITY_RATIO,CREDIT_ANNUITY_RATIO,Credit-to-annuity ratio,30.140143171806166,-0.12895473837852478,0.12895473837852478,decreases model risk output
XAI_009,264908,0,1,0.5000302195549011,0.008677801117300987,categorical__NAME_CONTRACT_TYPE_Cash loans,NAME_CONTRACT_TYPE,Contract type: Cash loans,Cash loans,0.03269078582525253,0.03269078582525253,increases model risk output
XAI_009,264908,0,1,0.5000302195549011,0.008677801117300987,categorical__NAME_CONTRACT_TYPE_Revolving loans,NAME_CONTRACT_TYPE,Contract type: Revolving loans,Cash loans,0.009504327550530434,0.009504327550530434,increases model risk output
XAI_009,264908,0,1,0.5000302195549011,0.008677801117300987,categorical__NAME_INCOME_TYPE_Businessman,NAME_INCOME_TYPE,Income type: Businessman,Commercial associate,0.0,0.0,decreases model risk output
XAI_009,264908,0,1,0.5000302195549011,0.008677801117300987,categorical__NAME_INCOME_TYPE_Commercial associate,NAME_INCOME_TYPE,Income type: Commercial associate,Commercial associate,0.00858437642455101,0.00858437642455101,increases model risk output
XAI_009,264908,0,1,0.5000302195549011,0.008677801117300987,categorical__NAME_INCOME_TYPE_Maternity leave,NAME_INCOME_TYPE,Income type: Maternity leave,Commercial associate,0.0,0.0,decreases model risk output
XAI_009,264908,0,1,0.5000302195549011,0.008677801117300987,categorical__NAME_INCOME_TYPE_Pensioner,NAME_INCOME_TYPE,Income type: Pensioner,Commercial associate,0.0029514997731894255,0.0029514997731894255,increases model risk output
XAI_009,264908,0,1,0.5000302195549011,0.008677801117300987,categorical__NAME_INCOME_TYPE_State servant,NAME_INCOME_TYPE,Income type: State servant,Commercial associate,0.005583893042057753,0.005583893042057753,increases model risk output
XAI_009,264908,0,1,0.5000302195549011,0.008677801117300987,categorical__NAME_INCOME_TYPE_Student,NAME_INCOME_TYPE,Income type: Student,Commercial associate,0.0,0.0,decreases model risk output
XAI_009,264908,0,1,0.5000302195549011,0.008677801117300987,categorical__NAME_INCOME_TYPE_Unemployed,NAME_INCOME_TYPE,Income type: Unemployed,Commercial associate,-8.726719534024596e-05,8.726719534024596e-05,decreases model risk output
XAI_009,264908,0,1,0.5000302195549011,0.008677801117300987,categorical__NAME_INCOME_TYPE_Working,NAME_INCOME_TYPE,Income type: Working,Commercial associate,-0.11213107407093048,0.11213107407093048,decreases model risk output
XAI_009,264908,0,1,0.5000302195549011,0.008677801117300987,categorical__NAME_HOUSING_TYPE_Co-op apartment,NAME_HOUSING_TYPE,Housing type: Co-op apartment,House / apartment,-3.9044903132889885e-06,3.9044903132889885e-06,decreases model risk output
XAI_009,264908,0,1,0.5000302195549011,0.008677801117300987,categorical__NAME_HOUSING_TYPE_House / apartment,NAME_HOUSING_TYPE,Housing type: House / apartment,House / apartment,-0.013990934006869793,0.013990934006869793,decreases model risk output
XAI_009,264908,0,1,0.5000302195549011,0.008677801117300987,categorical__NAME_HOUSING_TYPE_Municipal apartment,NAME_HOUSING_TYPE,Housing type: Municipal apartment,House / apartment,0.00022964806703384966,0.00022964806703384966,increases model risk output
XAI_009,264908,0,1,0.5000302195549011,0.008677801117300987,categorical__NAME_HOUSING_TYPE_Office apartment,NAME_HOUSING_TYPE,Housing type: Office apartment,House / apartment,0.0019245930016040802,0.0019245930016040802,increases model risk output
XAI_009,264908,0,1,0.5000302195549011,0.008677801117300987,categorical__NAME_HOUSING_TYPE_Rented apartment,NAME_HOUSING_TYPE,Housing type: Rented apartment,House / apartment,0.0016517338808625937,0.0016517338808625937,increases model risk output
XAI_009,264908,0,1,0.5000302195549011,0.008677801117300987,categorical__NAME_HOUSING_TYPE_With parents,NAME_HOUSING_TYPE,Housing type: With parents,House / apartment,-0.0037308265455067158,0.0037308265455067158,decreases model risk output
XAI_010,253960,0,1,0.5000400543212891,0.008677801117300987,numeric__AMT_INCOME_TOTAL,AMT_INCOME_TOTAL,Annual income,225000.0,0.016027400270104408,0.016027400270104408,increases model risk output
XAI_010,253960,0,1,0.5000400543212891,0.008677801117300987,numeric__AMT_CREDIT,AMT_CREDIT,Requested credit amount,824823.0,0.0990159884095192,0.0990159884095192,increases model risk output
XAI_010,253960,0,1,0.5000400543212891,0.008677801117300987,numeric__AMT_ANNUITY,AMT_ANNUITY,Annuity amount,29353.5,0.12248483300209045,0.12248483300209045,increases model risk output
XAI_010,253960,0,1,0.5000400543212891,0.008677801117300987,numeric__AMT_GOODS_PRICE,AMT_GOODS_PRICE,Goods price,688500.0,-0.3333863615989685,0.3333863615989685,decreases model risk output
XAI_010,253960,0,1,0.5000400543212891,0.008677801117300987,numeric__CNT_FAM_MEMBERS,CNT_FAM_MEMBERS,Family members,2.0,-0.013227756135165691,0.013227756135165691,decreases model risk output
XAI_010,253960,0,1,0.5000400543212891,0.008677801117300987,numeric__AMT_REQ_CREDIT_BUREAU_MON,AMT_REQ_CREDIT_BUREAU_MON,Credit enquiries in previous month,1.0,-0.024216575548052788,0.024216575548052788,decreases model risk output
XAI_010,253960,0,1,0.5000400543212891,0.008677801117300987,numeric__AMT_REQ_CREDIT_BUREAU_QRT,AMT_REQ_CREDIT_BUREAU_QRT,Credit enquiries in previous quarter,0.0,0.026954825967550278,0.026954825967550278,increases model risk output
XAI_010,253960,0,1,0.5000400543212891,0.008677801117300987,numeric__AMT_REQ_CREDIT_BUREAU_YEAR,AMT_REQ_CREDIT_BUREAU_YEAR,Credit enquiries in previous year,1.0,-0.002374049508944154,0.002374049508944154,decreases model risk output
XAI_010,253960,0,1,0.5000400543212891,0.008677801117300987,numeric__EMPLOYMENT_YEARS,EMPLOYMENT_YEARS,Employment duration,5.815195071868583,-0.07527583837509155,0.07527583837509155,decreases model risk output
XAI_010,253960,0,1,0.5000400543212891,0.008677801117300987,numeric__CREDIT_INCOME_RATIO,CREDIT_INCOME_RATIO,Credit-to-income ratio,3.66588,0.004499506670981646,0.004499506670981646,increases model risk output
XAI_010,253960,0,1,0.5000400543212891,0.008677801117300987,numeric__ANNUITY_INCOME_RATIO,ANNUITY_INCOME_RATIO,Annuity-to-income ratio,0.13046,-0.027663666754961014,0.027663666754961014,decreases model risk output
XAI_010,253960,0,1,0.5000400543212891,0.008677801117300987,numeric__CREDIT_ANNUITY_RATIO,CREDIT_ANNUITY_RATIO,Credit-to-annuity ratio,28.099647401502377,0.07837996631860733,0.07837996631860733,increases model risk output
XAI_010,253960,0,1,0.5000400543212891,0.008677801117300987,categorical__NAME_CONTRACT_TYPE_Cash loans,NAME_CONTRACT_TYPE,Contract type: Cash loans,Cash loans,0.031192660331726074,0.031192660331726074,increases model risk output
XAI_010,253960,0,1,0.5000400543212891,0.008677801117300987,categorical__NAME_CONTRACT_TYPE_Revolving loans,NAME_CONTRACT_TYPE,Contract type: Revolving loans,Cash loans,0.011882240884006023,0.011882240884006023,increases model risk output
XAI_010,253960,0,1,0.5000400543212891,0.008677801117300987,categorical__NAME_INCOME_TYPE_Businessman,NAME_INCOME_TYPE,Income type: Businessman,Working,0.0,0.0,decreases model risk output
XAI_010,253960,0,1,0.5000400543212891,0.008677801117300987,categorical__NAME_INCOME_TYPE_Commercial associate,NAME_INCOME_TYPE,Income type: Commercial associate,Working,-0.0038176069501787424,0.0038176069501787424,decreases model risk output
XAI_010,253960,0,1,0.5000400543212891,0.008677801117300987,categorical__NAME_INCOME_TYPE_Maternity leave,NAME_INCOME_TYPE,Income type: Maternity leave,Working,0.0,0.0,decreases model risk output
XAI_010,253960,0,1,0.5000400543212891,0.008677801117300987,categorical__NAME_INCOME_TYPE_Pensioner,NAME_INCOME_TYPE,Income type: Pensioner,Working,0.0039692046120762825,0.0039692046120762825,increases model risk output
XAI_010,253960,0,1,0.5000400543212891,0.008677801117300987,categorical__NAME_INCOME_TYPE_State servant,NAME_INCOME_TYPE,Income type: State servant,Working,0.004164754878729582,0.004164754878729582,increases model risk output
XAI_010,253960,0,1,0.5000400543212891,0.008677801117300987,categorical__NAME_INCOME_TYPE_Student,NAME_INCOME_TYPE,Income type: Student,Working,0.0,0.0,decreases model risk output
XAI_010,253960,0,1,0.5000400543212891,0.008677801117300987,categorical__NAME_INCOME_TYPE_Unemployed,NAME_INCOME_TYPE,Income type: Unemployed,Working,-7.796226418577135e-05,7.796226418577135e-05,decreases model risk output
XAI_010,253960,0,1,0.5000400543212891,0.008677801117300987,categorical__NAME_INCOME_TYPE_Working,NAME_INCOME_TYPE,Income type: Working,Working,0.09024957567453384,0.09024957567453384,increases model risk output
XAI_010,253960,0,1,0.5000400543212891,0.008677801117300987,categorical__NAME_HOUSING_TYPE_Co-op apartment,NAME_HOUSING_TYPE,Housing type: Co-op apartment,House / apartment,-3.9044903132889885e-06,3.9044903132889885e-06,decreases model risk output
XAI_010,253960,0,1,0.5000400543212891,0.008677801117300987,categorical__NAME_HOUSING_TYPE_House / apartment,NAME_HOUSING_TYPE,Housing type: House / apartment,House / apartment,-0.011194827035069466,0.011194827035069466,decreases model risk output
XAI_010,253960,0,1,0.5000400543212891,0.008677801117300987,categorical__NAME_HOUSING_TYPE_Municipal apartment,NAME_HOUSING_TYPE,Housing type: Municipal apartment,House / apartment,0.00022964806703384966,0.00022964806703384966,increases model risk output
XAI_010,253960,0,1,0.5000400543212891,0.008677801117300987,categorical__NAME_HOUSING_TYPE_Office apartment,NAME_HOUSING_TYPE,Housing type: Office apartment,House / apartment,0.00162357313092798,0.00162357313092798,increases model risk output
XAI_010,253960,0,1,0.5000400543212891,0.008677801117300987,categorical__NAME_HOUSING_TYPE_Rented apartment,NAME_HOUSING_TYPE,Housing type: Rented apartment,House / apartment,-0.0034342047292739153,0.0034342047292739153,decreases model risk output
XAI_010,253960,0,1,0.5000400543212891,0.008677801117300987,categorical__NAME_HOUSING_TYPE_With parents,NAME_HOUSING_TYPE,Housing type: With parents,House / apartment,-0.004518887959420681,0.004518887959420681,decreases model risk output
XAI_011,90598,0,0,0.010518629103899002,0.008677801117300987,numeric__AMT_INCOME_TOTAL,AMT_INCOME_TOTAL,Annual income,315000.0,-0.10202698409557343,0.10202698409557343,decreases model risk output
XAI_011,90598,0,0,0.010518629103899002,0.008677801117300987,numeric__AMT_CREDIT,AMT_CREDIT,Requested credit amount,2250000.0,-0.2614586055278778,0.2614586055278778,decreases model risk output
XAI_011,90598,0,0,0.010518629103899002,0.008677801117300987,numeric__AMT_ANNUITY,AMT_ANNUITY,Annuity amount,112500.0,-0.3247699439525604,0.3247699439525604,decreases model risk output
XAI_011,90598,0,0,0.010518629103899002,0.008677801117300987,numeric__AMT_GOODS_PRICE,AMT_GOODS_PRICE,Goods price,2250000.0,-0.9047561883926392,0.9047561883926392,decreases model risk output
XAI_011,90598,0,0,0.010518629103899002,0.008677801117300987,numeric__CNT_FAM_MEMBERS,CNT_FAM_MEMBERS,Family members,2.0,-0.04177158698439598,0.04177158698439598,decreases model risk output
XAI_011,90598,0,0,0.010518629103899002,0.008677801117300987,numeric__AMT_REQ_CREDIT_BUREAU_MON,AMT_REQ_CREDIT_BUREAU_MON,Credit enquiries in previous month,0.0,0.000923873158171773,0.000923873158171773,increases model risk output
XAI_011,90598,0,0,0.010518629103899002,0.008677801117300987,numeric__AMT_REQ_CREDIT_BUREAU_QRT,AMT_REQ_CREDIT_BUREAU_QRT,Credit enquiries in previous quarter,0.0,0.011517073959112167,0.011517073959112167,increases model risk output
XAI_011,90598,0,0,0.010518629103899002,0.008677801117300987,numeric__AMT_REQ_CREDIT_BUREAU_YEAR,AMT_REQ_CREDIT_BUREAU_YEAR,Credit enquiries in previous year,0.0,-0.14263343811035156,0.14263343811035156,decreases model risk output
XAI_011,90598,0,0,0.010518629103899002,0.008677801117300987,numeric__EMPLOYMENT_YEARS,EMPLOYMENT_YEARS,Employment duration,36.12594113620808,-1.5729395151138306,1.5729395151138306,decreases model risk output
XAI_011,90598,0,0,0.010518629103899002,0.008677801117300987,numeric__CREDIT_INCOME_RATIO,CREDIT_INCOME_RATIO,Credit-to-income ratio,7.142857142857143,-0.06799131631851196,0.06799131631851196,decreases model risk output
XAI_011,90598,0,0,0.010518629103899002,0.008677801117300987,numeric__ANNUITY_INCOME_RATIO,ANNUITY_INCOME_RATIO,Annuity-to-income ratio,0.35714285714285715,-0.08255922794342041,0.08255922794342041,decreases model risk output
XAI_011,90598,0,0,0.010518629103899002,0.008677801117300987,numeric__CREDIT_ANNUITY_RATIO,CREDIT_ANNUITY_RATIO,Credit-to-annuity ratio,20.0,-0.2092084288597107,0.2092084288597107,decreases model risk output
XAI_011,90598,0,0,0.010518629103899002,0.008677801117300987,categorical__NAME_CONTRACT_TYPE_Cash loans,NAME_CONTRACT_TYPE,Contract type: Cash loans,Revolving loans,-0.74076247215271,0.74076247215271,decreases model risk output
XAI_011,90598,0,0,0.010518629103899002,0.008677801117300987,categorical__NAME_CONTRACT_TYPE_Revolving loans,NAME_CONTRACT_TYPE,Contract type: Revolving loans,Revolving loans,-0.1947542428970337,0.1947542428970337,decreases model risk output
XAI_011,90598,0,0,0.010518629103899002,0.008677801117300987,categorical__NAME_INCOME_TYPE_Businessman,NAME_INCOME_TYPE,Income type: Businessman,Working,0.0,0.0,decreases model risk output
XAI_011,90598,0,0,0.010518629103899002,0.008677801117300987,categorical__NAME_INCOME_TYPE_Commercial associate,NAME_INCOME_TYPE,Income type: Commercial associate,Working,-0.003242593491449952,0.003242593491449952,decreases model risk output
XAI_011,90598,0,0,0.010518629103899002,0.008677801117300987,categorical__NAME_INCOME_TYPE_Maternity leave,NAME_INCOME_TYPE,Income type: Maternity leave,Working,0.0,0.0,decreases model risk output
XAI_011,90598,0,0,0.010518629103899002,0.008677801117300987,categorical__NAME_INCOME_TYPE_Pensioner,NAME_INCOME_TYPE,Income type: Pensioner,Working,0.004191762767732143,0.004191762767732143,increases model risk output
XAI_011,90598,0,0,0.010518629103899002,0.008677801117300987,categorical__NAME_INCOME_TYPE_State servant,NAME_INCOME_TYPE,Income type: State servant,Working,0.003858517622575164,0.003858517622575164,increases model risk output
XAI_011,90598,0,0,0.010518629103899002,0.008677801117300987,categorical__NAME_INCOME_TYPE_Student,NAME_INCOME_TYPE,Income type: Student,Working,0.0,0.0,decreases model risk output
XAI_011,90598,0,0,0.010518629103899002,0.008677801117300987,categorical__NAME_INCOME_TYPE_Unemployed,NAME_INCOME_TYPE,Income type: Unemployed,Working,-5.623626202577725e-05,5.623626202577725e-05,decreases model risk output
XAI_011,90598,0,0,0.010518629103899002,0.008677801117300987,categorical__NAME_INCOME_TYPE_Working,NAME_INCOME_TYPE,Income type: Working,Working,0.10008233785629272,0.10008233785629272,increases model risk output
XAI_011,90598,0,0,0.010518629103899002,0.008677801117300987,categorical__NAME_HOUSING_TYPE_Co-op apartment,NAME_HOUSING_TYPE,Housing type: Co-op apartment,House / apartment,-6.950987881282344e-05,6.950987881282344e-05,decreases model risk output
XAI_011,90598,0,0,0.010518629103899002,0.008677801117300987,categorical__NAME_HOUSING_TYPE_House / apartment,NAME_HOUSING_TYPE,Housing type: House / apartment,House / apartment,-0.014298602007329464,0.014298602007329464,decreases model risk output
XAI_011,90598,0,0,0.010518629103899002,0.008677801117300987,categorical__NAME_HOUSING_TYPE_Municipal apartment,NAME_HOUSING_TYPE,Housing type: Municipal apartment,House / apartment,0.0002702006313484162,0.0002702006313484162,increases model risk output
XAI_011,90598,0,0,0.010518629103899002,0.008677801117300987,categorical__NAME_HOUSING_TYPE_Office apartment,NAME_HOUSING_TYPE,Housing type: Office apartment,House / apartment,-0.0002226665965281427,0.0002226665965281427,decreases model risk output
XAI_011,90598,0,0,0.010518629103899002,0.008677801117300987,categorical__NAME_HOUSING_TYPE_Rented apartment,NAME_HOUSING_TYPE,Housing type: Rented apartment,House / apartment,-0.0033441688865423203,0.0033441688865423203,decreases model risk output
XAI_011,90598,0,0,0.010518629103899002,0.008677801117300987,categorical__NAME_HOUSING_TYPE_With parents,NAME_HOUSING_TYPE,Housing type: With parents,House / apartment,-0.006687350571155548,0.006687350571155548,decreases model risk output
XAI_012,15501,0,0,0.021245533600449562,0.008677801117300987,numeric__AMT_INCOME_TOTAL,AMT_INCOME_TOTAL,Annual income,270000.0,-0.11485930532217026,0.11485930532217026,decreases model risk output
XAI_012,15501,0,0,0.021245533600449562,0.008677801117300987,numeric__AMT_CREDIT,AMT_CREDIT,Requested credit amount,2250000.0,-0.1325693428516388,0.1325693428516388,decreases model risk output
XAI_012,15501,0,0,0.021245533600449562,0.008677801117300987,numeric__AMT_ANNUITY,AMT_ANNUITY,Annuity amount,225000.0,-0.30133911967277527,0.30133911967277527,decreases model risk output
XAI_012,15501,0,0,0.021245533600449562,0.008677801117300987,numeric__AMT_GOODS_PRICE,AMT_GOODS_PRICE,Goods price,2250000.0,-0.7669459581375122,0.7669459581375122,decreases model risk output
XAI_012,15501,0,0,0.021245533600449562,0.008677801117300987,numeric__CNT_FAM_MEMBERS,CNT_FAM_MEMBERS,Family members,2.0,-0.04525186866521835,0.04525186866521835,decreases model risk output
XAI_012,15501,0,0,0.021245533600449562,0.008677801117300987,numeric__AMT_REQ_CREDIT_BUREAU_MON,AMT_REQ_CREDIT_BUREAU_MON,Credit enquiries in previous month,0.0,0.004038437269628048,0.004038437269628048,increases model risk output
XAI_012,15501,0,0,0.021245533600449562,0.008677801117300987,numeric__AMT_REQ_CREDIT_BUREAU_QRT,AMT_REQ_CREDIT_BUREAU_QRT,Credit enquiries in previous quarter,0.0,0.014858346432447433,0.014858346432447433,increases model risk output
XAI_012,15501,0,0,0.021245533600449562,0.008677801117300987,numeric__AMT_REQ_CREDIT_BUREAU_YEAR,AMT_REQ_CREDIT_BUREAU_YEAR,Credit enquiries in previous year,0.0,-0.12309576570987701,0.12309576570987701,decreases model risk output
XAI_012,15501,0,0,0.021245533600449562,0.008677801117300987,numeric__EMPLOYMENT_YEARS,EMPLOYMENT_YEARS,Employment duration,34.53798767967146,-1.363280177116394,1.363280177116394,decreases model risk output
XAI_012,15501,0,0,0.021245533600449562,0.008677801117300987,numeric__CREDIT_INCOME_RATIO,CREDIT_INCOME_RATIO,Credit-to-income ratio,8.333333333333334,0.07983236014842987,0.07983236014842987,increases model risk output
XAI_012,15501,0,0,0.021245533600449562,0.008677801117300987,numeric__ANNUITY_INCOME_RATIO,ANNUITY_INCOME_RATIO,Annuity-to-income ratio,0.8333333333333334,0.12593482434749603,0.12593482434749603,increases model risk output
XAI_012,15501,0,0,0.021245533600449562,0.008677801117300987,numeric__CREDIT_ANNUITY_RATIO,CREDIT_ANNUITY_RATIO,Credit-to-annuity ratio,10.0,-0.9254103899002075,0.9254103899002075,decreases model risk output
XAI_012,15501,0,0,0.021245533600449562,0.008677801117300987,categorical__NAME_CONTRACT_TYPE_Cash loans,NAME_CONTRACT_TYPE,Contract type: Cash loans,Revolving loans,-0.527675449848175,0.527675449848175,decreases model risk output
XAI_012,15501,0,0,0.021245533600449562,0.008677801117300987,categorical__NAME_CONTRACT_TYPE_Revolving loans,NAME_CONTRACT_TYPE,Contract type: Revolving loans,Revolving loans,-0.08753588795661926,0.08753588795661926,decreases model risk output
XAI_012,15501,0,0,0.021245533600449562,0.008677801117300987,categorical__NAME_INCOME_TYPE_Businessman,NAME_INCOME_TYPE,Income type: Businessman,Commercial associate,0.0,0.0,decreases model risk output
XAI_012,15501,0,0,0.021245533600449562,0.008677801117300987,categorical__NAME_INCOME_TYPE_Commercial associate,NAME_INCOME_TYPE,Income type: Commercial associate,Commercial associate,0.020776502788066864,0.020776502788066864,increases model risk output
XAI_012,15501,0,0,0.021245533600449562,0.008677801117300987,categorical__NAME_INCOME_TYPE_Maternity leave,NAME_INCOME_TYPE,Income type: Maternity leave,Commercial associate,0.0,0.0,decreases model risk output
XAI_012,15501,0,0,0.021245533600449562,0.008677801117300987,categorical__NAME_INCOME_TYPE_Pensioner,NAME_INCOME_TYPE,Income type: Pensioner,Commercial associate,0.004446139559149742,0.004446139559149742,increases model risk output
XAI_012,15501,0,0,0.021245533600449562,0.008677801117300987,categorical__NAME_INCOME_TYPE_State servant,NAME_INCOME_TYPE,Income type: State servant,Commercial associate,0.011507503688335419,0.011507503688335419,increases model risk output
XAI_012,15501,0,0,0.021245533600449562,0.008677801117300987,categorical__NAME_INCOME_TYPE_Student,NAME_INCOME_TYPE,Income type: Student,Commercial associate,0.0,0.0,decreases model risk output
XAI_012,15501,0,0,0.021245533600449562,0.008677801117300987,categorical__NAME_INCOME_TYPE_Unemployed,NAME_INCOME_TYPE,Income type: Unemployed,Commercial associate,-6.508470687549561e-05,6.508470687549561e-05,decreases model risk output
XAI_012,15501,0,0,0.021245533600449562,0.008677801117300987,categorical__NAME_INCOME_TYPE_Working,NAME_INCOME_TYPE,Income type: Working,Commercial associate,-0.08859642595052719,0.08859642595052719,decreases model risk output
XAI_012,15501,0,0,0.021245533600449562,0.008677801117300987,categorical__NAME_HOUSING_TYPE_Co-op apartment,NAME_HOUSING_TYPE,Housing type: Co-op apartment,Rented apartment,-4.710483699454926e-05,4.710483699454926e-05,decreases model risk output
XAI_012,15501,0,0,0.021245533600449562,0.008677801117300987,categorical__NAME_HOUSING_TYPE_House / apartment,NAME_HOUSING_TYPE,Housing type: House / apartment,Rented apartment,0.12776890397071838,0.12776890397071838,increases model risk output
XAI_012,15501,0,0,0.021245533600449562,0.008677801117300987,categorical__NAME_HOUSING_TYPE_Municipal apartment,NAME_HOUSING_TYPE,Housing type: Municipal apartment,Rented apartment,0.001225234242156148,0.001225234242156148,increases model risk output
XAI_012,15501,0,0,0.021245533600449562,0.008677801117300987,categorical__NAME_HOUSING_TYPE_Office apartment,NAME_HOUSING_TYPE,Housing type: Office apartment,Rented apartment,0.0006368294125422835,0.0006368294125422835,increases model risk output
XAI_012,15501,0,0,0.021245533600449562,0.008677801117300987,categorical__NAME_HOUSING_TYPE_Rented apartment,NAME_HOUSING_TYPE,Housing type: Rented apartment,Rented apartment,0.2516161799430847,0.2516161799430847,increases model risk output
XAI_012,15501,0,0,0.021245533600449562,0.008677801117300987,categorical__NAME_HOUSING_TYPE_With parents,NAME_HOUSING_TYPE,Housing type: With parents,Rented apartment,-0.004779703449457884,0.004779703449457884,decreases model risk output
XAI_013,144204,0,0,0.023586474359035492,0.008677801117300987,numeric__AMT_INCOME_TOTAL,AMT_INCOME_TOTAL,Annual income,450000.0,-0.17664654552936554,0.17664654552936554,decreases model risk output
XAI_013,144204,0,0,0.023586474359035492,0.008677801117300987,numeric__AMT_CREDIT,AMT_CREDIT,Requested credit amount,2250000.0,-0.20986728370189667,0.20986728370189667,decreases model risk output
XAI_013,144204,0,0,0.023586474359035492,0.008677801117300987,numeric__AMT_ANNUITY,AMT_ANNUITY,Annuity amount,225000.0,-0.17050214111804962,0.17050214111804962,decreases model risk output
XAI_013,144204,0,0,0.023586474359035492,0.008677801117300987,numeric__AMT_GOODS_PRICE,AMT_GOODS_PRICE,Goods price,2250000.0,-0.7870588302612305,0.7870588302612305,decreases model risk output
XAI_013,144204,0,0,0.023586474359035492,0.008677801117300987,numeric__CNT_FAM_MEMBERS,CNT_FAM_MEMBERS,Family members,3.0,-0.04386964812874794,0.04386964812874794,decreases model risk output
XAI_013,144204,0,0,0.023586474359035492,0.008677801117300987,numeric__AMT_REQ_CREDIT_BUREAU_MON,AMT_REQ_CREDIT_BUREAU_MON,Credit enquiries in previous month,0.0,0.004065958317369223,0.004065958317369223,increases model risk output
XAI_013,144204,0,0,0.023586474359035492,0.008677801117300987,numeric__AMT_REQ_CREDIT_BUREAU_QRT,AMT_REQ_CREDIT_BUREAU_QRT,Credit enquiries in previous quarter,0.0,0.018913956359028816,0.018913956359028816,increases model risk output
XAI_013,144204,0,0,0.023586474359035492,0.008677801117300987,numeric__AMT_REQ_CREDIT_BUREAU_YEAR,AMT_REQ_CREDIT_BUREAU_YEAR,Credit enquiries in previous year,1.0,0.04722535237669945,0.04722535237669945,increases model risk output
XAI_013,144204,0,0,0.023586474359035492,0.008677801117300987,numeric__EMPLOYMENT_YEARS,EMPLOYMENT_YEARS,Employment duration,1.002053388090349,0.19485317170619965,0.19485317170619965,increases model risk output
XAI_013,144204,0,0,0.023586474359035492,0.008677801117300987,numeric__CREDIT_INCOME_RATIO,CREDIT_INCOME_RATIO,Credit-to-income ratio,5.0,-0.15701764822006226,0.15701764822006226,decreases model risk output
XAI_013,144204,0,0,0.023586474359035492,0.008677801117300987,numeric__ANNUITY_INCOME_RATIO,ANNUITY_INCOME_RATIO,Annuity-to-income ratio,0.5,-0.09419496357440948,0.09419496357440948,decreases model risk output
XAI_013,144204,0,0,0.023586474359035492,0.008677801117300987,numeric__CREDIT_ANNUITY_RATIO,CREDIT_ANNUITY_RATIO,Credit-to-annuity ratio,10.0,-1.0730336904525757,1.0730336904525757,decreases model risk output
XAI_013,144204,0,0,0.023586474359035492,0.008677801117300987,categorical__NAME_CONTRACT_TYPE_Cash loans,NAME_CONTRACT_TYPE,Contract type: Cash loans,Revolving loans,-0.6683409810066223,0.6683409810066223,decreases model risk output
XAI_013,144204,0,0,0.023586474359035492,0.008677801117300987,categorical__NAME_CONTRACT_TYPE_Revolving loans,NAME_CONTRACT_TYPE,Contract type: Revolving loans,Revolving loans,-0.15190793573856354,0.15190793573856354,decreases model risk output
XAI_013,144204,0,0,0.023586474359035492,0.008677801117300987,categorical__NAME_INCOME_TYPE_Businessman,NAME_INCOME_TYPE,Income type: Businessman,State servant,0.0,0.0,decreases model risk output
XAI_013,144204,0,0,0.023586474359035492,0.008677801117300987,categorical__NAME_INCOME_TYPE_Commercial associate,NAME_INCOME_TYPE,Income type: Commercial associate,State servant,-0.0128321573138237,0.0128321573138237,decreases model risk output
XAI_013,144204,0,0,0.023586474359035492,0.008677801117300987,categorical__NAME_INCOME_TYPE_Maternity leave,NAME_INCOME_TYPE,Income type: Maternity leave,State servant,0.0,0.0,decreases model risk output
XAI_013,144204,0,0,0.023586474359035492,0.008677801117300987,categorical__NAME_INCOME_TYPE_Pensioner,NAME_INCOME_TYPE,Income type: Pensioner,State servant,0.0040789321064949036,0.0040789321064949036,increases model risk output
XAI_013,144204,0,0,0.023586474359035492,0.008677801117300987,categorical__NAME_INCOME_TYPE_State servant,NAME_INCOME_TYPE,Income type: State servant,State servant,-0.2678167223930359,0.2678167223930359,decreases model risk output
XAI_013,144204,0,0,0.023586474359035492,0.008677801117300987,categorical__NAME_INCOME_TYPE_Student,NAME_INCOME_TYPE,Income type: Student,State servant,0.0,0.0,decreases model risk output
XAI_013,144204,0,0,0.023586474359035492,0.008677801117300987,categorical__NAME_INCOME_TYPE_Unemployed,NAME_INCOME_TYPE,Income type: Unemployed,State servant,-6.350568583002314e-05,6.350568583002314e-05,decreases model risk output
XAI_013,144204,0,0,0.023586474359035492,0.008677801117300987,categorical__NAME_INCOME_TYPE_Working,NAME_INCOME_TYPE,Income type: Working,State servant,-0.17413091659545898,0.17413091659545898,decreases model risk output
XAI_013,144204,0,0,0.023586474359035492,0.008677801117300987,categorical__NAME_HOUSING_TYPE_Co-op apartment,NAME_HOUSING_TYPE,Housing type: Co-op apartment,House / apartment,4.461765638552606e-05,4.461765638552606e-05,increases model risk output
XAI_013,144204,0,0,0.023586474359035492,0.008677801117300987,categorical__NAME_HOUSING_TYPE_House / apartment,NAME_HOUSING_TYPE,Housing type: House / apartment,House / apartment,-0.006974203046411276,0.006974203046411276,decreases model risk output
XAI_013,144204,0,0,0.023586474359035492,0.008677801117300987,categorical__NAME_HOUSING_TYPE_Municipal apartment,NAME_HOUSING_TYPE,Housing type: Municipal apartment,House / apartment,0.0002764889504760504,0.0002764889504760504,increases model risk output
XAI_013,144204,0,0,0.023586474359035492,0.008677801117300987,categorical__NAME_HOUSING_TYPE_Office apartment,NAME_HOUSING_TYPE,Housing type: Office apartment,House / apartment,-0.0008355272584594786,0.0008355272584594786,decreases model risk output
XAI_013,144204,0,0,0.023586474359035492,0.008677801117300987,categorical__NAME_HOUSING_TYPE_Rented apartment,NAME_HOUSING_TYPE,Housing type: Rented apartment,House / apartment,-0.002671102061867714,0.002671102061867714,decreases model risk output
XAI_013,144204,0,0,0.023586474359035492,0.008677801117300987,categorical__NAME_HOUSING_TYPE_With parents,NAME_HOUSING_TYPE,Housing type: With parents,House / apartment,-0.0035841939970850945,0.0035841939970850945,decreases model risk output
XAI_014,12108,0,0,0.026014139875769615,0.008677801117300987,numeric__AMT_INCOME_TOTAL,AMT_INCOME_TOTAL,Annual income,1080000.0,-0.08743906766176224,0.08743906766176224,decreases model risk output
XAI_014,12108,0,0,0.026014139875769615,0.008677801117300987,numeric__AMT_CREDIT,AMT_CREDIT,Requested credit amount,2250000.0,-0.24264253675937653,0.24264253675937653,decreases model risk output
XAI_014,12108,0,0,0.026014139875769615,0.008677801117300987,numeric__AMT_ANNUITY,AMT_ANNUITY,Annuity amount,225000.0,-0.09438206255435944,0.09438206255435944,decreases model risk output
XAI_014,12108,0,0,0.026014139875769615,0.008677801117300987,numeric__AMT_GOODS_PRICE,AMT_GOODS_PRICE,Goods price,2250000.0,-0.7364824414253235,0.7364824414253235,decreases model risk output
XAI_014,12108,0,0,0.026014139875769615,0.008677801117300987,numeric__CNT_FAM_MEMBERS,CNT_FAM_MEMBERS,Family members,2.0,-0.041951995342969894,0.041951995342969894,decreases model risk output
XAI_014,12108,0,0,0.026014139875769615,0.008677801117300987,numeric__AMT_REQ_CREDIT_BUREAU_MON,AMT_REQ_CREDIT_BUREAU_MON,Credit enquiries in previous month,0.0,0.008512241765856743,0.008512241765856743,increases model risk output
XAI_014,12108,0,0,0.026014139875769615,0.008677801117300987,numeric__AMT_REQ_CREDIT_BUREAU_QRT,AMT_REQ_CREDIT_BUREAU_QRT,Credit enquiries in previous quarter,0.0,0.01935773342847824,0.01935773342847824,increases model risk output
XAI_014,12108,0,0,0.026014139875769615,0.008677801117300987,numeric__AMT_REQ_CREDIT_BUREAU_YEAR,AMT_REQ_CREDIT_BUREAU_YEAR,Credit enquiries in previous year,0.0,-0.0400652214884758,0.0400652214884758,decreases model risk output
XAI_014,12108,0,0,0.026014139875769615,0.008677801117300987,numeric__EMPLOYMENT_YEARS,EMPLOYMENT_YEARS,Employment duration,17.196440793976727,-0.5155422687530518,0.5155422687530518,decreases model risk output
XAI_014,12108,0,0,0.026014139875769615,0.008677801117300987,numeric__CREDIT_INCOME_RATIO,CREDIT_INCOME_RATIO,Credit-to-income ratio,2.0833333333333335,-0.050773367285728455,0.050773367285728455,decreases model risk output
XAI_014,12108,0,0,0.026014139875769615,0.008677801117300987,numeric__ANNUITY_INCOME_RATIO,ANNUITY_INCOME_RATIO,Annuity-to-income ratio,0.20833333333333334,0.0022865869104862213,0.0022865869104862213,increases model risk output
XAI_014,12108,0,0,0.026014139875769615,0.008677801117300987,numeric__CREDIT_ANNUITY_RATIO,CREDIT_ANNUITY_RATIO,Credit-to-annuity ratio,10.0,-0.9807789921760559,0.9807789921760559,decreases model risk output
XAI_014,12108,0,0,0.026014139875769615,0.008677801117300987,categorical__NAME_CONTRACT_TYPE_Cash loans,NAME_CONTRACT_TYPE,Contract type: Cash loans,Revolving loans,-0.6300936341285706,0.6300936341285706,decreases model risk output
XAI_014,12108,0,0,0.026014139875769615,0.008677801117300987,categorical__NAME_CONTRACT_TYPE_Revolving loans,NAME_CONTRACT_TYPE,Contract type: Revolving loans,Revolving loans,-0.15357573330402374,0.15357573330402374,decreases model risk output
XAI_014,12108,0,0,0.026014139875769615,0.008677801117300987,categorical__NAME_INCOME_TYPE_Businessman,NAME_INCOME_TYPE,Income type: Businessman,Commercial associate,0.0,0.0,decreases model risk output
XAI_014,12108,0,0,0.026014139875769615,0.008677801117300987,categorical__NAME_INCOME_TYPE_Commercial associate,NAME_INCOME_TYPE,Income type: Commercial associate,Commercial associate,0.00694693299010396,0.00694693299010396,increases model risk output
XAI_014,12108,0,0,0.026014139875769615,0.008677801117300987,categorical__NAME_INCOME_TYPE_Maternity leave,NAME_INCOME_TYPE,Income type: Maternity leave,Commercial associate,0.0,0.0,decreases model risk output
XAI_014,12108,0,0,0.026014139875769615,0.008677801117300987,categorical__NAME_INCOME_TYPE_Pensioner,NAME_INCOME_TYPE,Income type: Pensioner,Commercial associate,0.004299635533243418,0.004299635533243418,increases model risk output
XAI_014,12108,0,0,0.026014139875769615,0.008677801117300987,categorical__NAME_INCOME_TYPE_State servant,NAME_INCOME_TYPE,Income type: State servant,Commercial associate,0.010322166606783867,0.010322166606783867,increases model risk output
XAI_014,12108,0,0,0.026014139875769615,0.008677801117300987,categorical__NAME_INCOME_TYPE_Student,NAME_INCOME_TYPE,Income type: Student,Commercial associate,0.0,0.0,decreases model risk output
XAI_014,12108,0,0,0.026014139875769615,0.008677801117300987,categorical__NAME_INCOME_TYPE_Unemployed,NAME_INCOME_TYPE,Income type: Unemployed,Commercial associate,-5.682736446033232e-05,5.682736446033232e-05,decreases model risk output
XAI_014,12108,0,0,0.026014139875769615,0.008677801117300987,categorical__NAME_INCOME_TYPE_Working,NAME_INCOME_TYPE,Income type: Working,Commercial associate,-0.09396013617515564,0.09396013617515564,decreases model risk output
XAI_014,12108,0,0,0.026014139875769615,0.008677801117300987,categorical__NAME_HOUSING_TYPE_Co-op apartment,NAME_HOUSING_TYPE,Housing type: Co-op apartment,House / apartment,-4.69526021333877e-05,4.69526021333877e-05,decreases model risk output
XAI_014,12108,0,0,0.026014139875769615,0.008677801117300987,categorical__NAME_HOUSING_TYPE_House / apartment,NAME_HOUSING_TYPE,Housing type: House / apartment,House / apartment,-0.004192202351987362,0.004192202351987362,decreases model risk output
XAI_014,12108,0,0,0.026014139875769615,0.008677801117300987,categorical__NAME_HOUSING_TYPE_Municipal apartment,NAME_HOUSING_TYPE,Housing type: Municipal apartment,House / apartment,0.0002702006313484162,0.0002702006313484162,increases model risk output
XAI_014,12108,0,0,0.026014139875769615,0.008677801117300987,categorical__NAME_HOUSING_TYPE_Office apartment,NAME_HOUSING_TYPE,Housing type: Office apartment,House / apartment,0.0002657430595718324,0.0002657430595718324,increases model risk output
XAI_014,12108,0,0,0.026014139875769615,0.008677801117300987,categorical__NAME_HOUSING_TYPE_Rented apartment,NAME_HOUSING_TYPE,Housing type: Rented apartment,House / apartment,-0.004516880959272385,0.004516880959272385,decreases model risk output
XAI_014,12108,0,0,0.026014139875769615,0.008677801117300987,categorical__NAME_HOUSING_TYPE_With parents,NAME_HOUSING_TYPE,Housing type: With parents,House / apartment,-0.007194549776613712,0.007194549776613712,decreases model risk output
XAI_015,199276,0,0,0.02833911031484604,0.008677801117300987,numeric__AMT_INCOME_TOTAL,AMT_INCOME_TOTAL,Annual income,202500.0,-0.00803361926227808,0.00803361926227808,decreases model risk output
XAI_015,199276,0,0,0.02833911031484604,0.008677801117300987,numeric__AMT_CREDIT,AMT_CREDIT,Requested credit amount,1214100.0,0.043089475482702255,0.043089475482702255,increases model risk output
XAI_015,199276,0,0,0.02833911031484604,0.008677801117300987,numeric__AMT_ANNUITY,AMT_ANNUITY,Annuity amount,67923.0,-0.6692649722099304,0.6692649722099304,decreases model risk output
XAI_015,199276,0,0,0.02833911031484604,0.008677801117300987,numeric__AMT_GOODS_PRICE,AMT_GOODS_PRICE,Goods price,1125000.0,-0.6548660397529602,0.6548660397529602,decreases model risk output
XAI_015,199276,0,0,0.02833911031484604,0.008677801117300987,numeric__CNT_FAM_MEMBERS,CNT_FAM_MEMBERS,Family members,2.0,-0.036574821919202805,0.036574821919202805,decreases model risk output
XAI_015,199276,0,0,0.02833911031484604,0.008677801117300987,numeric__AMT_REQ_CREDIT_BUREAU_MON,AMT_REQ_CREDIT_BUREAU_MON,Credit enquiries in previous month,1.0,-0.021428560838103294,0.021428560838103294,decreases model risk output
XAI_015,199276,0,0,0.02833911031484604,0.008677801117300987,numeric__AMT_REQ_CREDIT_BUREAU_QRT,AMT_REQ_CREDIT_BUREAU_QRT,Credit enquiries in previous quarter,0.0,0.016953082755208015,0.016953082755208015,increases model risk output
XAI_015,199276,0,0,0.02833911031484604,0.008677801117300987,numeric__AMT_REQ_CREDIT_BUREAU_YEAR,AMT_REQ_CREDIT_BUREAU_YEAR,Credit enquiries in previous year,8.0,-0.00528458459302783,0.00528458459302783,decreases model risk output
XAI_015,199276,0,0,0.02833911031484604,0.008677801117300987,numeric__EMPLOYMENT_YEARS,EMPLOYMENT_YEARS,Employment duration,37.02395619438741,-1.2983218431472778,1.2983218431472778,decreases model risk output
XAI_015,199276,0,0,0.02833911031484604,0.008677801117300987,numeric__CREDIT_INCOME_RATIO,CREDIT_INCOME_RATIO,Credit-to-income ratio,5.995555555555556,-0.033350735902786255,0.033350735902786255,decreases model risk output
XAI_015,199276,0,0,0.02833911031484604,0.008677801117300987,numeric__ANNUITY_INCOME_RATIO,ANNUITY_INCOME_RATIO,Annuity-to-income ratio,0.33542222222222223,-0.055034514516592026,0.055034514516592026,decreases model risk output
XAI_015,199276,0,0,0.02833911031484604,0.008677801117300987,numeric__CREDIT_ANNUITY_RATIO,CREDIT_ANNUITY_RATIO,Credit-to-annuity ratio,17.874652179674044,-0.7649360299110413,0.7649360299110413,decreases model risk output
XAI_015,199276,0,0,0.02833911031484604,0.008677801117300987,categorical__NAME_CONTRACT_TYPE_Cash loans,NAME_CONTRACT_TYPE,Contract type: Cash loans,Cash loans,0.042037416249513626,0.042037416249513626,increases model risk output
XAI_015,199276,0,0,0.02833911031484604,0.008677801117300987,categorical__NAME_CONTRACT_TYPE_Revolving loans,NAME_CONTRACT_TYPE,Contract type: Revolving loans,Cash loans,0.010597208514809608,0.010597208514809608,increases model risk output
XAI_015,199276,0,0,0.02833911031484604,0.008677801117300987,categorical__NAME_INCOME_TYPE_Businessman,NAME_INCOME_TYPE,Income type: Businessman,Commercial associate,0.0,0.0,decreases model risk output
XAI_015,199276,0,0,0.02833911031484604,0.008677801117300987,categorical__NAME_INCOME_TYPE_Commercial associate,NAME_INCOME_TYPE,Income type: Commercial associate,Commercial associate,0.0036990344524383545,0.0036990344524383545,increases model risk output
XAI_015,199276,0,0,0.02833911031484604,0.008677801117300987,categorical__NAME_INCOME_TYPE_Maternity leave,NAME_INCOME_TYPE,Income type: Maternity leave,Commercial associate,0.0,0.0,decreases model risk output
XAI_015,199276,0,0,0.02833911031484604,0.008677801117300987,categorical__NAME_INCOME_TYPE_Pensioner,NAME_INCOME_TYPE,Income type: Pensioner,Commercial associate,0.006860962603241205,0.006860962603241205,increases model risk output
XAI_015,199276,0,0,0.02833911031484604,0.008677801117300987,categorical__NAME_INCOME_TYPE_State servant,NAME_INCOME_TYPE,Income type: State servant,Commercial associate,0.0033064165618270636,0.0033064165618270636,increases model risk output
XAI_015,199276,0,0,0.02833911031484604,0.008677801117300987,categorical__NAME_INCOME_TYPE_Student,NAME_INCOME_TYPE,Income type: Student,Commercial associate,0.0,0.0,decreases model risk output
XAI_015,199276,0,0,0.02833911031484604,0.008677801117300987,categorical__NAME_INCOME_TYPE_Unemployed,NAME_INCOME_TYPE,Income type: Unemployed,Commercial associate,-6.367139576468617e-05,6.367139576468617e-05,decreases model risk output
XAI_015,199276,0,0,0.02833911031484604,0.008677801117300987,categorical__NAME_INCOME_TYPE_Working,NAME_INCOME_TYPE,Income type: Working,Commercial associate,-0.10741425305604935,0.10741425305604935,decreases model risk output
XAI_015,199276,0,0,0.02833911031484604,0.008677801117300987,categorical__NAME_HOUSING_TYPE_Co-op apartment,NAME_HOUSING_TYPE,Housing type: Co-op apartment,House / apartment,-9.597551979823038e-06,9.597551979823038e-06,decreases model risk output
XAI_015,199276,0,0,0.02833911031484604,0.008677801117300987,categorical__NAME_HOUSING_TYPE_House / apartment,NAME_HOUSING_TYPE,Housing type: House / apartment,House / apartment,-0.008337238803505898,0.008337238803505898,decreases model risk output
XAI_015,199276,0,0,0.02833911031484604,0.008677801117300987,categorical__NAME_HOUSING_TYPE_Municipal apartment,NAME_HOUSING_TYPE,Housing type: Municipal apartment,House / apartment,0.0002696278097573668,0.0002696278097573668,increases model risk output
XAI_015,199276,0,0,0.02833911031484604,0.008677801117300987,categorical__NAME_HOUSING_TYPE_Office apartment,NAME_HOUSING_TYPE,Housing type: Office apartment,House / apartment,0.0008551873615942895,0.0008551873615942895,increases model risk output
XAI_015,199276,0,0,0.02833911031484604,0.008677801117300987,categorical__NAME_HOUSING_TYPE_Rented apartment,NAME_HOUSING_TYPE,Housing type: Rented apartment,House / apartment,-0.0017969876062124968,0.0017969876062124968,decreases model risk output
XAI_015,199276,0,0,0.02833911031484604,0.008677801117300987,categorical__NAME_HOUSING_TYPE_With parents,NAME_HOUSING_TYPE,Housing type: With parents,House / apartment,-0.006391382776200771,0.006391382776200771,decreases model risk output
XAI_016,212939,0,0,0.49998629093170166,0.008677801117300987,numeric__AMT_INCOME_TOTAL,AMT_INCOME_TOTAL,Annual income,135000.0,-0.007488188799470663,0.007488188799470663,decreases model risk output
XAI_016,212939,0,0,0.49998629093170166,0.008677801117300987,numeric__AMT_CREDIT,AMT_CREDIT,Requested credit amount,755190.0,0.04178329184651375,0.04178329184651375,increases model risk output
XAI_016,212939,0,0,0.49998629093170166,0.008677801117300987,numeric__AMT_ANNUITY,AMT_ANNUITY,Annuity amount,32125.5,0.11039482802152634,0.11039482802152634,increases model risk output
XAI_016,212939,0,0,0.49998629093170166,0.008677801117300987,numeric__AMT_GOODS_PRICE,AMT_GOODS_PRICE,Goods price,675000.0,-0.08672144263982773,0.08672144263982773,decreases model risk output
XAI_016,212939,0,0,0.49998629093170166,0.008677801117300987,numeric__CNT_FAM_MEMBERS,CNT_FAM_MEMBERS,Family members,3.0,-0.009601962752640247,0.009601962752640247,decreases model risk output
XAI_016,212939,0,0,0.49998629093170166,0.008677801117300987,numeric__AMT_REQ_CREDIT_BUREAU_MON,AMT_REQ_CREDIT_BUREAU_MON,Credit enquiries in previous month,0.0,0.005940261296927929,0.005940261296927929,increases model risk output
XAI_016,212939,0,0,0.49998629093170166,0.008677801117300987,numeric__AMT_REQ_CREDIT_BUREAU_QRT,AMT_REQ_CREDIT_BUREAU_QRT,Credit enquiries in previous quarter,0.0,0.02267851121723652,0.02267851121723652,increases model risk output
XAI_016,212939,0,0,0.49998629093170166,0.008677801117300987,numeric__AMT_REQ_CREDIT_BUREAU_YEAR,AMT_REQ_CREDIT_BUREAU_YEAR,Credit enquiries in previous year,1.0,0.004199013579636812,0.004199013579636812,increases model risk output
XAI_016,212939,0,0,0.49998629093170166,0.008677801117300987,numeric__EMPLOYMENT_YEARS,EMPLOYMENT_YEARS,Employment duration,2.1711156741957565,0.22435985505580902,0.22435985505580902,increases model risk output
XAI_016,212939,0,0,0.49998629093170166,0.008677801117300987,numeric__CREDIT_INCOME_RATIO,CREDIT_INCOME_RATIO,Credit-to-income ratio,5.594,-0.0066497488878667355,0.0066497488878667355,decreases model risk output
XAI_016,212939,0,0,0.49998629093170166,0.008677801117300987,numeric__ANNUITY_INCOME_RATIO,ANNUITY_INCOME_RATIO,Annuity-to-income ratio,0.23796666666666666,0.03983137011528015,0.03983137011528015,increases model risk output
XAI_016,212939,0,0,0.49998629093170166,0.008677801117300987,numeric__CREDIT_ANNUITY_RATIO,CREDIT_ANNUITY_RATIO,Credit-to-annuity ratio,23.507494046785265,-0.2851176857948303,0.2851176857948303,decreases model risk output
XAI_016,212939,0,0,0.49998629093170166,0.008677801117300987,categorical__NAME_CONTRACT_TYPE_Cash loans,NAME_CONTRACT_TYPE,Contract type: Cash loans,Cash loans,0.0332755371928215,0.0332755371928215,increases model risk output
XAI_016,212939,0,0,0.49998629093170166,0.008677801117300987,categorical__NAME_CONTRACT_TYPE_Revolving loans,NAME_CONTRACT_TYPE,Contract type: Revolving loans,Cash loans,0.012516642920672894,0.012516642920672894,increases model risk output
XAI_016,212939,0,0,0.49998629093170166,0.008677801117300987,categorical__NAME_INCOME_TYPE_Businessman,NAME_INCOME_TYPE,Income type: Businessman,Commercial associate,0.0,0.0,decreases model risk output
XAI_016,212939,0,0,0.49998629093170166,0.008677801117300987,categorical__NAME_INCOME_TYPE_Commercial associate,NAME_INCOME_TYPE,Income type: Commercial associate,Commercial associate,0.01189632248133421,0.01189632248133421,increases model risk output
XAI_016,212939,0,0,0.49998629093170166,0.008677801117300987,categorical__NAME_INCOME_TYPE_Maternity leave,NAME_INCOME_TYPE,Income type: Maternity leave,Commercial associate,0.0,0.0,decreases model risk output
XAI_016,212939,0,0,0.49998629093170166,0.008677801117300987,categorical__NAME_INCOME_TYPE_Pensioner,NAME_INCOME_TYPE,Income type: Pensioner,Commercial associate,0.005094964522868395,0.005094964522868395,increases model risk output
XAI_016,212939,0,0,0.49998629093170166,0.008677801117300987,categorical__NAME_INCOME_TYPE_State servant,NAME_INCOME_TYPE,Income type: State servant,Commercial associate,0.0030097796116024256,0.0030097796116024256,increases model risk output
XAI_016,212939,0,0,0.49998629093170166,0.008677801117300987,categorical__NAME_INCOME_TYPE_Student,NAME_INCOME_TYPE,Income type: Student,Commercial associate,0.0,0.0,decreases model risk output
XAI_016,212939,0,0,0.49998629093170166,0.008677801117300987,categorical__NAME_INCOME_TYPE_Unemployed,NAME_INCOME_TYPE,Income type: Unemployed,Commercial associate,-7.670467311982065e-05,7.670467311982065e-05,decreases model risk output
XAI_016,212939,0,0,0.49998629093170166,0.008677801117300987,categorical__NAME_INCOME_TYPE_Working,NAME_INCOME_TYPE,Income type: Working,Commercial associate,-0.10859304666519165,0.10859304666519165,decreases model risk output
XAI_016,212939,0,0,0.49998629093170166,0.008677801117300987,categorical__NAME_HOUSING_TYPE_Co-op apartment,NAME_HOUSING_TYPE,Housing type: Co-op apartment,House / apartment,-8.467992302030325e-06,8.467992302030325e-06,decreases model risk output
XAI_016,212939,0,0,0.49998629093170166,0.008677801117300987,categorical__NAME_HOUSING_TYPE_House / apartment,NAME_HOUSING_TYPE,Housing type: House / apartment,House / apartment,-0.013636725954711437,0.013636725954711437,decreases model risk output
XAI_016,212939,0,0,0.49998629093170166,0.008677801117300987,categorical__NAME_HOUSING_TYPE_Municipal apartment,NAME_HOUSING_TYPE,Housing type: Municipal apartment,House / apartment,0.00027591612888500094,0.00027591612888500094,increases model risk output
XAI_016,212939,0,0,0.49998629093170166,0.008677801117300987,categorical__NAME_HOUSING_TYPE_Office apartment,NAME_HOUSING_TYPE,Housing type: Office apartment,House / apartment,0.0006690396694466472,0.0006690396694466472,increases model risk output
XAI_016,212939,0,0,0.49998629093170166,0.008677801117300987,categorical__NAME_HOUSING_TYPE_Rented apartment,NAME_HOUSING_TYPE,Housing type: Rented apartment,House / apartment,-0.003243141807615757,0.003243141807615757,decreases model risk output
XAI_016,212939,0,0,0.49998629093170166,0.008677801117300987,categorical__NAME_HOUSING_TYPE_With parents,NAME_HOUSING_TYPE,Housing type: With parents,House / apartment,-0.003520670346915722,0.003520670346915722,decreases model risk output
XAI_017,175552,0,0,0.4999781847000122,0.008677801117300987,numeric__AMT_INCOME_TOTAL,AMT_INCOME_TOTAL,Annual income,207000.0,0.017255738377571106,0.017255738377571106,increases model risk output
XAI_017,175552,0,0,0.4999781847000122,0.008677801117300987,numeric__AMT_CREDIT,AMT_CREDIT,Requested credit amount,573628.5,0.011943792924284935,0.011943792924284935,increases model risk output
XAI_017,175552,0,0,0.4999781847000122,0.008677801117300987,numeric__AMT_ANNUITY,AMT_ANNUITY,Annuity amount,24435.0,0.026178933680057526,0.026178933680057526,increases model risk output
XAI_017,175552,0,0,0.4999781847000122,0.008677801117300987,numeric__AMT_GOODS_PRICE,AMT_GOODS_PRICE,Goods price,463500.0,-0.09191425144672394,0.09191425144672394,decreases model risk output
XAI_017,175552,0,0,0.4999781847000122,0.008677801117300987,numeric__CNT_FAM_MEMBERS,CNT_FAM_MEMBERS,Family members,3.0,-0.006757795810699463,0.006757795810699463,decreases model risk output
XAI_017,175552,0,0,0.4999781847000122,0.008677801117300987,numeric__AMT_REQ_CREDIT_BUREAU_MON,AMT_REQ_CREDIT_BUREAU_MON,Credit enquiries in previous month,0.0,0.0038655619136989117,0.0038655619136989117,increases model risk output
XAI_017,175552,0,0,0.4999781847000122,0.008677801117300987,numeric__AMT_REQ_CREDIT_BUREAU_QRT,AMT_REQ_CREDIT_BUREAU_QRT,Credit enquiries in previous quarter,0.0,0.014760233461856842,0.014760233461856842,increases model risk output
XAI_017,175552,0,0,0.4999781847000122,0.008677801117300987,numeric__AMT_REQ_CREDIT_BUREAU_YEAR,AMT_REQ_CREDIT_BUREAU_YEAR,Credit enquiries in previous year,4.0,0.035103484988212585,0.035103484988212585,increases model risk output
XAI_017,175552,0,0,0.4999781847000122,0.008677801117300987,numeric__EMPLOYMENT_YEARS,EMPLOYMENT_YEARS,Employment duration,0.3066392881587953,0.20129787921905518,0.20129787921905518,increases model risk output
XAI_017,175552,0,0,0.4999781847000122,0.008677801117300987,numeric__CREDIT_INCOME_RATIO,CREDIT_INCOME_RATIO,Credit-to-income ratio,2.7711521739130434,0.005174668040126562,0.005174668040126562,increases model risk output
XAI_017,175552,0,0,0.4999781847000122,0.008677801117300987,numeric__ANNUITY_INCOME_RATIO,ANNUITY_INCOME_RATIO,Annuity-to-income ratio,0.11804347826086957,-0.039127279072999954,0.039127279072999954,decreases model risk output
XAI_017,175552,0,0,0.4999781847000122,0.008677801117300987,numeric__CREDIT_ANNUITY_RATIO,CREDIT_ANNUITY_RATIO,Credit-to-annuity ratio,23.475690607734805,-0.30845898389816284,0.30845898389816284,decreases model risk output
XAI_017,175552,0,0,0.4999781847000122,0.008677801117300987,categorical__NAME_CONTRACT_TYPE_Cash loans,NAME_CONTRACT_TYPE,Contract type: Cash loans,Cash loans,0.03095347248017788,0.03095347248017788,increases model risk output
XAI_017,175552,0,0,0.4999781847000122,0.008677801117300987,categorical__NAME_CONTRACT_TYPE_Revolving loans,NAME_CONTRACT_TYPE,Contract type: Revolving loans,Cash loans,0.01134103536605835,0.01134103536605835,increases model risk output
XAI_017,175552,0,0,0.4999781847000122,0.008677801117300987,categorical__NAME_INCOME_TYPE_Businessman,NAME_INCOME_TYPE,Income type: Businessman,Working,0.0,0.0,decreases model risk output
XAI_017,175552,0,0,0.4999781847000122,0.008677801117300987,categorical__NAME_INCOME_TYPE_Commercial associate,NAME_INCOME_TYPE,Income type: Commercial associate,Working,-0.004578493069857359,0.004578493069857359,decreases model risk output
XAI_017,175552,0,0,0.4999781847000122,0.008677801117300987,categorical__NAME_INCOME_TYPE_Maternity leave,NAME_INCOME_TYPE,Income type: Maternity leave,Working,0.0,0.0,decreases model risk output
XAI_017,175552,0,0,0.4999781847000122,0.008677801117300987,categorical__NAME_INCOME_TYPE_Pensioner,NAME_INCOME_TYPE,Income type: Pensioner,Working,0.003938558977097273,0.003938558977097273,increases model risk output
XAI_017,175552,0,0,0.4999781847000122,0.008677801117300987,categorical__NAME_INCOME_TYPE_State servant,NAME_INCOME_TYPE,Income type: State servant,Working,0.006073751021176577,0.006073751021176577,increases model risk output
XAI_017,175552,0,0,0.4999781847000122,0.008677801117300987,categorical__NAME_INCOME_TYPE_Student,NAME_INCOME_TYPE,Income type: Student,Working,0.0,0.0,decreases model risk output
XAI_017,175552,0,0,0.4999781847000122,0.008677801117300987,categorical__NAME_INCOME_TYPE_Unemployed,NAME_INCOME_TYPE,Income type: Unemployed,Working,-0.00010519979696255177,0.00010519979696255177,decreases model risk output
XAI_017,175552,0,0,0.4999781847000122,0.008677801117300987,categorical__NAME_INCOME_TYPE_Working,NAME_INCOME_TYPE,Income type: Working,Working,0.0927514135837555,0.0927514135837555,increases model risk output
XAI_017,175552,0,0,0.4999781847000122,0.008677801117300987,categorical__NAME_HOUSING_TYPE_Co-op apartment,NAME_HOUSING_TYPE,Housing type: Co-op apartment,House / apartment,-1.390537727274932e-05,1.390537727274932e-05,decreases model risk output
XAI_017,175552,0,0,0.4999781847000122,0.008677801117300987,categorical__NAME_HOUSING_TYPE_House / apartment,NAME_HOUSING_TYPE,Housing type: House / apartment,House / apartment,-0.013188674114644527,0.013188674114644527,decreases model risk output
XAI_017,175552,0,0,0.4999781847000122,0.008677801117300987,categorical__NAME_HOUSING_TYPE_Municipal apartment,NAME_HOUSING_TYPE,Housing type: Municipal apartment,House / apartment,0.00023445760598406196,0.00023445760598406196,increases model risk output
XAI_017,175552,0,0,0.4999781847000122,0.008677801117300987,categorical__NAME_HOUSING_TYPE_Office apartment,NAME_HOUSING_TYPE,Housing type: Office apartment,House / apartment,0.0011726431548595428,0.0011726431548595428,increases model risk output
XAI_017,175552,0,0,0.4999781847000122,0.008677801117300987,categorical__NAME_HOUSING_TYPE_Rented apartment,NAME_HOUSING_TYPE,Housing type: Rented apartment,House / apartment,-0.0027651244308799505,0.0027651244308799505,decreases model risk output
XAI_017,175552,0,0,0.4999781847000122,0.008677801117300987,categorical__NAME_HOUSING_TYPE_With parents,NAME_HOUSING_TYPE,Housing type: With parents,House / apartment,-0.003901158459484577,0.003901158459484577,decreases model risk output
XAI_018,46076,1,0,0.4999731779098511,0.008677801117300987,numeric__AMT_INCOME_TOTAL,AMT_INCOME_TOTAL,Annual income,99000.0,-0.017892906442284584,0.017892906442284584,decreases model risk output
XAI_018,46076,1,0,0.4999731779098511,0.008677801117300987,numeric__AMT_CREDIT,AMT_CREDIT,Requested credit amount,675000.0,0.0317324623465538,0.0317324623465538,increases model risk output
XAI_018,46076,1,0,0.4999731779098511,0.008677801117300987,numeric__AMT_ANNUITY,AMT_ANNUITY,Annuity amount,21775.5,-0.04667661339044571,0.04667661339044571,decreases model risk output
XAI_018,46076,1,0,0.4999731779098511,0.008677801117300987,numeric__AMT_GOODS_PRICE,AMT_GOODS_PRICE,Goods price,675000.0,-0.0992596223950386,0.0992596223950386,decreases model risk output
XAI_018,46076,1,0,0.4999731779098511,0.008677801117300987,numeric__CNT_FAM_MEMBERS,CNT_FAM_MEMBERS,Family members,2.0,-0.012515454553067684,0.012515454553067684,decreases model risk output
XAI_018,46076,1,0,0.4999731779098511,0.008677801117300987,numeric__AMT_REQ_CREDIT_BUREAU_MON,AMT_REQ_CREDIT_BUREAU_MON,Credit enquiries in previous month,0.0,0.006818118505179882,0.006818118505179882,increases model risk output
XAI_018,46076,1,0,0.4999731779098511,0.008677801117300987,numeric__AMT_REQ_CREDIT_BUREAU_QRT,AMT_REQ_CREDIT_BUREAU_QRT,Credit enquiries in previous quarter,0.0,0.018414268270134926,0.018414268270134926,increases model risk output
XAI_018,46076,1,0,0.4999731779098511,0.008677801117300987,numeric__AMT_REQ_CREDIT_BUREAU_YEAR,AMT_REQ_CREDIT_BUREAU_YEAR,Credit enquiries in previous year,4.0,0.03704944998025894,0.03704944998025894,increases model risk output
XAI_018,46076,1,0,0.4999731779098511,0.008677801117300987,numeric__EMPLOYMENT_YEARS,EMPLOYMENT_YEARS,Employment duration,7.745379876796714,-0.11786459386348724,0.11786459386348724,decreases model risk output
XAI_018,46076,1,0,0.4999731779098511,0.008677801117300987,numeric__CREDIT_INCOME_RATIO,CREDIT_INCOME_RATIO,Credit-to-income ratio,6.818181818181818,0.008471090346574783,0.008471090346574783,increases model risk output
XAI_018,46076,1,0,0.4999731779098511,0.008677801117300987,numeric__ANNUITY_INCOME_RATIO,ANNUITY_INCOME_RATIO,Annuity-to-income ratio,0.21995454545454546,0.019493762403726578,0.019493762403726578,increases model risk output
XAI_018,46076,1,0,0.4999731779098511,0.008677801117300987,numeric__CREDIT_ANNUITY_RATIO,CREDIT_ANNUITY_RATIO,Credit-to-annuity ratio,30.998140111593305,0.035068292170763016,0.035068292170763016,increases model risk output
XAI_018,46076,1,0,0.4999731779098511,0.008677801117300987,categorical__NAME_CONTRACT_TYPE_Cash loans,NAME_CONTRACT_TYPE,Contract type: Cash loans,Cash loans,0.035453859716653824,0.035453859716653824,increases model risk output
XAI_018,46076,1,0,0.4999731779098511,0.008677801117300987,categorical__NAME_CONTRACT_TYPE_Revolving loans,NAME_CONTRACT_TYPE,Contract type: Revolving loans,Cash loans,0.013157776556909084,0.013157776556909084,increases model risk output
XAI_018,46076,1,0,0.4999731779098511,0.008677801117300987,categorical__NAME_INCOME_TYPE_Businessman,NAME_INCOME_TYPE,Income type: Businessman,Working,0.0,0.0,decreases model risk output
XAI_018,46076,1,0,0.4999731779098511,0.008677801117300987,categorical__NAME_INCOME_TYPE_Commercial associate,NAME_INCOME_TYPE,Income type: Commercial associate,Working,-0.004941260442137718,0.004941260442137718,decreases model risk output
XAI_018,46076,1,0,0.4999731779098511,0.008677801117300987,categorical__NAME_INCOME_TYPE_Maternity leave,NAME_INCOME_TYPE,Income type: Maternity leave,Working,0.0,0.0,decreases model risk output
XAI_018,46076,1,0,0.4999731779098511,0.008677801117300987,categorical__NAME_INCOME_TYPE_Pensioner,NAME_INCOME_TYPE,Income type: Pensioner,Working,0.0049804444424808025,0.0049804444424808025,increases model risk output
XAI_018,46076,1,0,0.4999731779098511,0.008677801117300987,categorical__NAME_INCOME_TYPE_State servant,NAME_INCOME_TYPE,Income type: State servant,Working,0.0020633970852941275,0.0020633970852941275,increases model risk output
XAI_018,46076,1,0,0.4999731779098511,0.008677801117300987,categorical__NAME_INCOME_TYPE_Student,NAME_INCOME_TYPE,Income type: Student,Working,0.0,0.0,decreases model risk output
XAI_018,46076,1,0,0.4999731779098511,0.008677801117300987,categorical__NAME_INCOME_TYPE_Unemployed,NAME_INCOME_TYPE,Income type: Unemployed,Working,-9.639150812290609e-05,9.639150812290609e-05,decreases model risk output
XAI_018,46076,1,0,0.4999731779098511,0.008677801117300987,categorical__NAME_INCOME_TYPE_Working,NAME_INCOME_TYPE,Income type: Working,Working,0.09776433557271957,0.09776433557271957,increases model risk output
XAI_018,46076,1,0,0.4999731779098511,0.008677801117300987,categorical__NAME_HOUSING_TYPE_Co-op apartment,NAME_HOUSING_TYPE,Housing type: Co-op apartment,House / apartment,-1.390537727274932e-05,1.390537727274932e-05,decreases model risk output
XAI_018,46076,1,0,0.4999731779098511,0.008677801117300987,categorical__NAME_HOUSING_TYPE_House / apartment,NAME_HOUSING_TYPE,Housing type: House / apartment,House / apartment,-0.012372118420898914,0.012372118420898914,decreases model risk output
XAI_018,46076,1,0,0.4999731779098511,0.008677801117300987,categorical__NAME_HOUSING_TYPE_Municipal apartment,NAME_HOUSING_TYPE,Housing type: Municipal apartment,House / apartment,0.00027591612888500094,0.00027591612888500094,increases model risk output
XAI_018,46076,1,0,0.4999731779098511,0.008677801117300987,categorical__NAME_HOUSING_TYPE_Office apartment,NAME_HOUSING_TYPE,Housing type: Office apartment,House / apartment,0.000627788424026221,0.000627788424026221,increases model risk output
XAI_018,46076,1,0,0.4999731779098511,0.008677801117300987,categorical__NAME_HOUSING_TYPE_Rented apartment,NAME_HOUSING_TYPE,Housing type: Rented apartment,House / apartment,-0.0035908804275095463,0.0035908804275095463,decreases model risk output
XAI_018,46076,1,0,0.4999731779098511,0.008677801117300987,categorical__NAME_HOUSING_TYPE_With parents,NAME_HOUSING_TYPE,Housing type: With parents,House / apartment,-0.0049323164857923985,0.0049323164857923985,decreases model risk output
XAI_019,240635,0,0,0.49996042251586914,0.008677801117300987,numeric__AMT_INCOME_TOTAL,AMT_INCOME_TOTAL,Annual income,157500.0,0.016924884170293808,0.016924884170293808,increases model risk output
XAI_019,240635,0,0,0.49996042251586914,0.008677801117300987,numeric__AMT_CREDIT,AMT_CREDIT,Requested credit amount,454500.0,-0.15489070117473602,0.15489070117473602,decreases model risk output
XAI_019,240635,0,0,0.49996042251586914,0.008677801117300987,numeric__AMT_ANNUITY,AMT_ANNUITY,Annuity amount,17739.0,-0.09618605673313141,0.09618605673313141,decreases model risk output
XAI_019,240635,0,0,0.49996042251586914,0.008677801117300987,numeric__AMT_GOODS_PRICE,AMT_GOODS_PRICE,Goods price,454500.0,-0.12942442297935486,0.12942442297935486,decreases model risk output
XAI_019,240635,0,0,0.49996042251586914,0.008677801117300987,numeric__CNT_FAM_MEMBERS,CNT_FAM_MEMBERS,Family members,2.0,-0.014400562271475792,0.014400562271475792,decreases model risk output
XAI_019,240635,0,0,0.49996042251586914,0.008677801117300987,numeric__AMT_REQ_CREDIT_BUREAU_MON,AMT_REQ_CREDIT_BUREAU_MON,Credit enquiries in previous month,0.0,0.00751448655501008,0.00751448655501008,increases model risk output
XAI_019,240635,0,0,0.49996042251586914,0.008677801117300987,numeric__AMT_REQ_CREDIT_BUREAU_QRT,AMT_REQ_CREDIT_BUREAU_QRT,Credit enquiries in previous quarter,0.0,0.015619013458490372,0.015619013458490372,increases model risk output
XAI_019,240635,0,0,0.49996042251586914,0.008677801117300987,numeric__AMT_REQ_CREDIT_BUREAU_YEAR,AMT_REQ_CREDIT_BUREAU_YEAR,Credit enquiries in previous year,0.0,-0.09379306435585022,0.09379306435585022,decreases model risk output
XAI_019,240635,0,0,0.49996042251586914,0.008677801117300987,numeric__EMPLOYMENT_YEARS,EMPLOYMENT_YEARS,Employment duration,0.2683093771389459,0.17875443398952484,0.17875443398952484,increases model risk output
XAI_019,240635,0,0,0.49996042251586914,0.008677801117300987,numeric__CREDIT_INCOME_RATIO,CREDIT_INCOME_RATIO,Credit-to-income ratio,2.8857142857142857,0.011295045726001263,0.011295045726001263,increases model risk output
XAI_019,240635,0,0,0.49996042251586914,0.008677801117300987,numeric__ANNUITY_INCOME_RATIO,ANNUITY_INCOME_RATIO,Annuity-to-income ratio,0.11262857142857143,-0.040367491543293,0.040367491543293,decreases model risk output
XAI_019,240635,0,0,0.49996042251586914,0.008677801117300987,numeric__CREDIT_ANNUITY_RATIO,CREDIT_ANNUITY_RATIO,Credit-to-annuity ratio,25.621511922881787,0.15663698315620422,0.15663698315620422,increases model risk output
XAI_019,240635,0,0,0.49996042251586914,0.008677801117300987,categorical__NAME_CONTRACT_TYPE_Cash loans,NAME_CONTRACT_TYPE,Contract type: Cash loans,Cash loans,0.032442983239889145,0.032442983239889145,increases model risk output
XAI_019,240635,0,0,0.49996042251586914,0.008677801117300987,categorical__NAME_CONTRACT_TYPE_Revolving loans,NAME_CONTRACT_TYPE,Contract type: Revolving loans,Cash loans,0.013999281451106071,0.013999281451106071,increases model risk output
XAI_019,240635,0,0,0.49996042251586914,0.008677801117300987,categorical__NAME_INCOME_TYPE_Businessman,NAME_INCOME_TYPE,Income type: Businessman,Working,0.0,0.0,decreases model risk output
XAI_019,240635,0,0,0.49996042251586914,0.008677801117300987,categorical__NAME_INCOME_TYPE_Commercial associate,NAME_INCOME_TYPE,Income type: Commercial associate,Working,-0.004605474416166544,0.004605474416166544,decreases model risk output
XAI_019,240635,0,0,0.49996042251586914,0.008677801117300987,categorical__NAME_INCOME_TYPE_Maternity leave,NAME_INCOME_TYPE,Income type: Maternity leave,Working,0.0,0.0,decreases model risk output
XAI_019,240635,0,0,0.49996042251586914,0.008677801117300987,categorical__NAME_INCOME_TYPE_Pensioner,NAME_INCOME_TYPE,Income type: Pensioner,Working,0.002441105665639043,0.002441105665639043,increases model risk output
XAI_019,240635,0,0,0.49996042251586914,0.008677801117300987,categorical__NAME_INCOME_TYPE_State servant,NAME_INCOME_TYPE,Income type: State servant,Working,0.004993109498172998,0.004993109498172998,increases model risk output
XAI_019,240635,0,0,0.49996042251586914,0.008677801117300987,categorical__NAME_INCOME_TYPE_Student,NAME_INCOME_TYPE,Income type: Student,Working,0.0,0.0,decreases model risk output
XAI_019,240635,0,0,0.49996042251586914,0.008677801117300987,categorical__NAME_INCOME_TYPE_Unemployed,NAME_INCOME_TYPE,Income type: Unemployed,Working,-9.452195808989927e-05,9.452195808989927e-05,decreases model risk output
XAI_019,240635,0,0,0.49996042251586914,0.008677801117300987,categorical__NAME_INCOME_TYPE_Working,NAME_INCOME_TYPE,Income type: Working,Working,0.10606512427330017,0.10606512427330017,increases model risk output
XAI_019,240635,0,0,0.49996042251586914,0.008677801117300987,categorical__NAME_HOUSING_TYPE_Co-op apartment,NAME_HOUSING_TYPE,Housing type: Co-op apartment,House / apartment,-8.467992302030325e-06,8.467992302030325e-06,decreases model risk output
XAI_019,240635,0,0,0.49996042251586914,0.008677801117300987,categorical__NAME_HOUSING_TYPE_House / apartment,NAME_HOUSING_TYPE,Housing type: House / apartment,House / apartment,-0.01576678268611431,0.01576678268611431,decreases model risk output
XAI_019,240635,0,0,0.49996042251586914,0.008677801117300987,categorical__NAME_HOUSING_TYPE_Municipal apartment,NAME_HOUSING_TYPE,Housing type: Municipal apartment,House / apartment,0.00020475014753174037,0.00020475014753174037,increases model risk output
XAI_019,240635,0,0,0.49996042251586914,0.008677801117300987,categorical__NAME_HOUSING_TYPE_Office apartment,NAME_HOUSING_TYPE,Housing type: Office apartment,House / apartment,0.0012062747264280915,0.0012062747264280915,increases model risk output
XAI_019,240635,0,0,0.49996042251586914,0.008677801117300987,categorical__NAME_HOUSING_TYPE_Rented apartment,NAME_HOUSING_TYPE,Housing type: Rented apartment,House / apartment,-0.002961029764264822,0.002961029764264822,decreases model risk output
XAI_019,240635,0,0,0.49996042251586914,0.008677801117300987,categorical__NAME_HOUSING_TYPE_With parents,NAME_HOUSING_TYPE,Housing type: With parents,House / apartment,-0.00443530548363924,0.00443530548363924,decreases model risk output
XAI_020,200211,0,0,0.4999467134475708,0.008677801117300987,numeric__AMT_INCOME_TOTAL,AMT_INCOME_TOTAL,Annual income,112500.0,0.009204317815601826,0.009204317815601826,increases model risk output
XAI_020,200211,0,0,0.4999467134475708,0.008677801117300987,numeric__AMT_CREDIT,AMT_CREDIT,Requested credit amount,247500.0,-0.08460264652967453,0.08460264652967453,decreases model risk output
XAI_020,200211,0,0,0.4999467134475708,0.008677801117300987,numeric__AMT_ANNUITY,AMT_ANNUITY,Annuity amount,12375.0,-0.10479491204023361,0.10479491204023361,decreases model risk output
XAI_020,200211,0,0,0.4999467134475708,0.008677801117300987,numeric__AMT_GOODS_PRICE,AMT_GOODS_PRICE,Goods price,247500.0,0.16133876144886017,0.16133876144886017,increases model risk output
XAI_020,200211,0,0,0.4999467134475708,0.008677801117300987,numeric__CNT_FAM_MEMBERS,CNT_FAM_MEMBERS,Family members,4.0,-0.007328889332711697,0.007328889332711697,decreases model risk output
XAI_020,200211,0,0,0.4999467134475708,0.008677801117300987,numeric__AMT_REQ_CREDIT_BUREAU_MON,AMT_REQ_CREDIT_BUREAU_MON,Credit enquiries in previous month,0.0,0.010107016190886497,0.010107016190886497,increases model risk output
XAI_020,200211,0,0,0.4999467134475708,0.008677801117300987,numeric__AMT_REQ_CREDIT_BUREAU_QRT,AMT_REQ_CREDIT_BUREAU_QRT,Credit enquiries in previous quarter,0.0,0.010255688801407814,0.010255688801407814,increases model risk output
XAI_020,200211,0,0,0.4999467134475708,0.008677801117300987,numeric__AMT_REQ_CREDIT_BUREAU_YEAR,AMT_REQ_CREDIT_BUREAU_YEAR,Credit enquiries in previous year,2.0,0.014870940707623959,0.014870940707623959,increases model risk output
XAI_020,200211,0,0,0.4999467134475708,0.008677801117300987,numeric__EMPLOYMENT_YEARS,EMPLOYMENT_YEARS,Employment duration,1.2566735112936345,0.3099524974822998,0.3099524974822998,increases model risk output
XAI_020,200211,0,0,0.4999467134475708,0.008677801117300987,numeric__CREDIT_INCOME_RATIO,CREDIT_INCOME_RATIO,Credit-to-income ratio,2.2,-0.034317582845687866,0.034317582845687866,decreases model risk output
XAI_020,200211,0,0,0.4999467134475708,0.008677801117300987,numeric__ANNUITY_INCOME_RATIO,ANNUITY_INCOME_RATIO,Annuity-to-income ratio,0.11,-0.03615965321660042,0.03615965321660042,decreases model risk output
XAI_020,200211,0,0,0.4999467134475708,0.008677801117300987,numeric__CREDIT_ANNUITY_RATIO,CREDIT_ANNUITY_RATIO,Credit-to-annuity ratio,20.0,0.07016533613204956,0.07016533613204956,increases model risk output
XAI_020,200211,0,0,0.4999467134475708,0.008677801117300987,categorical__NAME_CONTRACT_TYPE_Cash loans,NAME_CONTRACT_TYPE,Contract type: Cash loans,Revolving loans,-0.32882022857666016,0.32882022857666016,decreases model risk output
XAI_020,200211,0,0,0.4999467134475708,0.008677801117300987,categorical__NAME_CONTRACT_TYPE_Revolving loans,NAME_CONTRACT_TYPE,Contract type: Revolving loans,Revolving loans,-0.08557908236980438,0.08557908236980438,decreases model risk output
XAI_020,200211,0,0,0.4999467134475708,0.008677801117300987,categorical__NAME_INCOME_TYPE_Businessman,NAME_INCOME_TYPE,Income type: Businessman,Working,0.0,0.0,decreases model risk output
XAI_020,200211,0,0,0.4999467134475708,0.008677801117300987,categorical__NAME_INCOME_TYPE_Commercial associate,NAME_INCOME_TYPE,Income type: Commercial associate,Working,-0.005542594473809004,0.005542594473809004,decreases model risk output
XAI_020,200211,0,0,0.4999467134475708,0.008677801117300987,categorical__NAME_INCOME_TYPE_Maternity leave,NAME_INCOME_TYPE,Income type: Maternity leave,Working,0.0,0.0,decreases model risk output
XAI_020,200211,0,0,0.4999467134475708,0.008677801117300987,categorical__NAME_INCOME_TYPE_Pensioner,NAME_INCOME_TYPE,Income type: Pensioner,Working,0.004433037247508764,0.004433037247508764,increases model risk output
XAI_020,200211,0,0,0.4999467134475708,0.008677801117300987,categorical__NAME_INCOME_TYPE_State servant,NAME_INCOME_TYPE,Income type: State servant,Working,0.005697004031389952,0.005697004031389952,increases model risk output
XAI_020,200211,0,0,0.4999467134475708,0.008677801117300987,categorical__NAME_INCOME_TYPE_Student,NAME_INCOME_TYPE,Income type: Student,Working,0.0,0.0,decreases model risk output
XAI_020,200211,0,0,0.4999467134475708,0.008677801117300987,categorical__NAME_INCOME_TYPE_Unemployed,NAME_INCOME_TYPE,Income type: Unemployed,Working,-0.00010666690650396049,0.00010666690650396049,decreases model risk output
XAI_020,200211,0,0,0.4999467134475708,0.008677801117300987,categorical__NAME_INCOME_TYPE_Working,NAME_INCOME_TYPE,Income type: Working,Working,0.0987631306052208,0.0987631306052208,increases model risk output
XAI_020,200211,0,0,0.4999467134475708,0.008677801117300987,categorical__NAME_HOUSING_TYPE_Co-op apartment,NAME_HOUSING_TYPE,Housing type: Co-op apartment,House / apartment,-1.390537727274932e-05,1.390537727274932e-05,decreases model risk output
XAI_020,200211,0,0,0.4999467134475708,0.008677801117300987,categorical__NAME_HOUSING_TYPE_House / apartment,NAME_HOUSING_TYPE,Housing type: House / apartment,House / apartment,-0.012003877200186253,0.012003877200186253,decreases model risk output
XAI_020,200211,0,0,0.4999467134475708,0.008677801117300987,categorical__NAME_HOUSING_TYPE_Municipal apartment,NAME_HOUSING_TYPE,Housing type: Municipal apartment,House / apartment,0.000881727843079716,0.000881727843079716,increases model risk output
XAI_020,200211,0,0,0.4999467134475708,0.008677801117300987,categorical__NAME_HOUSING_TYPE_Office apartment,NAME_HOUSING_TYPE,Housing type: Office apartment,House / apartment,0.0009744418784976006,0.0009744418784976006,increases model risk output
XAI_020,200211,0,0,0.4999467134475708,0.008677801117300987,categorical__NAME_HOUSING_TYPE_Rented apartment,NAME_HOUSING_TYPE,Housing type: Rented apartment,House / apartment,-0.002910992130637169,0.002910992130637169,decreases model risk output
XAI_020,200211,0,0,0.4999467134475708,0.008677801117300987,categorical__NAME_HOUSING_TYPE_With parents,NAME_HOUSING_TYPE,Housing type: With parents,House / apartment,-0.0033538409043103456,0.0033538409043103456,decreases model risk output
